#
# There is insufficient memory for the Java Runtime Environment to continue.
# Native memory allocation (mmap) failed to map 1048576 bytes. Error detail: G1 virtual space
# Possible reasons:
#   The system is out of physical RAM or swap space
#   This process is running with CompressedOops enabled, and the Java Heap may be blocking the growth of the native heap
# Possible solutions:
#   Reduce memory load on the system
#   Increase physical memory or swap space
#   Check if swap backing store is full
#   Decrease Java heap size (-Xmx/-Xms)
#   Decrease number of Java threads
#   Decrease Java thread stack sizes (-Xss)
#   Set larger code cache with -XX:ReservedCodeCacheSize=
#   JVM is running with Unscaled Compressed Oops mode in which the Java heap is
#     placed in the first 4GB address space. The Java Heap base address is the
#     maximum limit for the native heap growth. Please use -XX:HeapBaseMinAddress
#     to set the Java Heap base and to place the Java Heap above 4GB virtual address.
# This output file may be truncated or incomplete.
#
#  Out of Memory Error (os_windows.cpp:3690), pid=8156, tid=5276
#
# JRE version: OpenJDK Runtime Environment Microsoft-12574423 (17.0.17+10) (build 17.0.17+10-LTS)
# Java VM: OpenJDK 64-Bit Server VM Microsoft-12574423 (17.0.17+10-LTS, mixed mode, emulated-client, sharing, tiered, compressed oops, compressed class ptrs, g1 gc, windows-amd64)
# No core dump will be written. Minidumps are not enabled by default on client versions of Windows
#

---------------  S U M M A R Y ------------

Command Line: -XX:TieredStopAtLevel=1 -Dspring.output.ansi.enabled=always -Dcom.sun.management.jmxremote -Dspring.jmx.enabled=true -Dspring.liveBeansView.mbeanDomain -Dspring.application.admin.enabled=true -Dmanagement.endpoints.jmx.exposure.include=* -javaagent:C:\Users\Korisnik\AppData\Local\Programs\IntelliJ IDEA 2025.3.1\lib\idea_rt.jar=59914 -Dfile.encoding=UTF-8 net.javaguides.springboot_jutjubic.SpringbootJutjubicApplication

Host: AMD Ryzen 5 5500U with Radeon Graphics         , 12 cores, 5G,  Windows 10 , 64 bit Build 19041 (10.0.19041.5915)
Time: Sat Feb 14 14:39:17 2026 Central Europe Standard Time elapsed time: 1653.804639 seconds (0d 0h 27m 33s)

---------------  T H R E A D  ---------------

Current thread (0x0000028bff355840):  JavaThread "Ehcache [_default_]-0" daemon [_thread_in_vm, id=5276, stack(0x000000f94f900000,0x000000f94fa00000)]

Stack: [0x000000f94f900000,0x000000f94fa00000]
Native frames: (J=compiled Java code, j=interpreted, Vv=VM code, C=native code)
V  [jvm.dll+0x68c459]  (no source info available)
V  [jvm.dll+0x845e09]  (no source info available)
V  [jvm.dll+0x847b78]  (no source info available)
V  [jvm.dll+0x848203]  (no source info available)
V  [jvm.dll+0x24cf6f]  (no source info available)
V  [jvm.dll+0x68b859]  (no source info available)
V  [jvm.dll+0x67fe1a]  (no source info available)
V  [jvm.dll+0x3100f0]  (no source info available)
V  [jvm.dll+0x30ff92]  (no source info available)
V  [jvm.dll+0x3174e9]  (no source info available)
V  [jvm.dll+0x3694a9]  (no source info available)
V  [jvm.dll+0x369ae1]  (no source info available)
V  [jvm.dll+0x369696]  (no source info available)
V  [jvm.dll+0x2e6df2]  (no source info available)
V  [jvm.dll+0x2e3002]  (no source info available)
V  [jvm.dll+0x620ef3]  (no source info available)
V  [jvm.dll+0x215c05]  (no source info available)
V  [jvm.dll+0x810802]  (no source info available)
V  [jvm.dll+0x18c82e]  (no source info available)
C  0x0000028bad472bf2  (no source info available)

The last pc belongs to new_type_array Runtime1 stub (printed below).
Java frames: (J=compiled Java code, j=interpreted, Vv=VM code)
v  ~RuntimeStub::new_type_array Runtime1 stub
J 63 c1 java.lang.AbstractStringBuilder.ensureCapacityInternal(I)V java.base@17.0.17 (39 bytes) @ 0x0000028bad495d28 [0x0000028bad495b40+0x00000000000001e8]
J 87 c1 java.lang.AbstractStringBuilder.append(Ljava/lang/String;)Ljava/lang/AbstractStringBuilder; java.base@17.0.17 (45 bytes) @ 0x0000028bad49c8f4 [0x0000028bad49c860+0x0000000000000094]
J 5004 c1 ch.qos.logback.core.pattern.FormattingConverter.write(Ljava/lang/StringBuilder;Ljava/lang/Object;)V (154 bytes) @ 0x0000028bade120cc [0x0000028bade11e00+0x00000000000002cc]
J 11250 c1 ch.qos.logback.core.pattern.PatternLayoutBase.writeLoopOnConverters(Ljava/lang/Object;)Ljava/lang/String; (39 bytes) @ 0x0000028bae453fc4 [0x0000028bae453ee0+0x00000000000000e4]
j  ch.qos.logback.classic.PatternLayout.doLayout(Lch/qos/logback/classic/spi/ILoggingEvent;)Ljava/lang/String;+12
j  ch.qos.logback.classic.PatternLayout.doLayout(Ljava/lang/Object;)Ljava/lang/String;+5
j  ch.qos.logback.core.encoder.LayoutWrappingEncoder.encode(Ljava/lang/Object;)[B+5
j  ch.qos.logback.core.OutputStreamAppender.writeOut(Ljava/lang/Object;)V+5
j  ch.qos.logback.core.OutputStreamAppender.subAppend(Ljava/lang/Object;)V+26
j  ch.qos.logback.core.OutputStreamAppender.append(Ljava/lang/Object;)V+10
j  ch.qos.logback.core.UnsynchronizedAppenderBase.doAppend(Ljava/lang/Object;)V+84
j  ch.qos.logback.core.spi.AppenderAttachableImpl.appendLoopOnAppenders(Ljava/lang/Object;)I+32
J 8515 c1 ch.qos.logback.classic.Logger.appendLoopOnAppenders(Lch/qos/logback/classic/spi/ILoggingEvent;)I (18 bytes) @ 0x0000028bad4f3484 [0x0000028bad4f3440+0x0000000000000044]
j  ch.qos.logback.classic.Logger.callAppenders(Lch/qos/logback/classic/spi/ILoggingEvent;)V+11
J 10575 c1 ch.qos.logback.classic.Logger.filterAndLog_0_Or3Plus(Ljava/lang/String;Lorg/slf4j/Marker;Lch/qos/logback/classic/Level;Ljava/lang/String;[Ljava/lang/Object;Ljava/lang/Throwable;)V (61 bytes) @ 0x0000028bada89194 [0x0000028bada88f80+0x0000000000000214]
j  ch.qos.logback.classic.Logger.info(Ljava/lang/String;[Ljava/lang/Object;)V+11
j  net.javaguides.springboot_jutjubic.logger.CacheLogger.onEvent(Lorg/ehcache/event/CacheEvent;)V+46
j  org.ehcache.core.events.EventListenerWrapper.onEvent(Lorg/ehcache/event/CacheEvent;)V+5
j  org.ehcache.impl.events.EventDispatchTask.run()V+50
J 8413 c1 java.util.concurrent.Executors$RunnableAdapter.call()Ljava/lang/Object; java.base@17.0.17 (14 bytes) @ 0x0000028bad526e8c [0x0000028bad526e40+0x000000000000004c]
j  java.util.concurrent.FutureTask.run()V+39 java.base@17.0.17
j  java.util.concurrent.ThreadPoolExecutor.runWorker(Ljava/util/concurrent/ThreadPoolExecutor$Worker;)V+92 java.base@17.0.17
j  java.util.concurrent.ThreadPoolExecutor$Worker.run()V+5 java.base@17.0.17
j  java.lang.Thread.run()V+11 java.base@17.0.17
v  ~StubRoutines::call_stub
--------------------------------------------------------------------------------
Decoding CodeBlob, name: new_type_array Runtime1 stub, at  [0x0000028bad472b00, 0x0000028bad472d10]  528 bytes
[MachCode]
  0x0000028bad472b00: 5548 8bec | 4881 ec80 | 0000 0048 | 8944 2478 | 4889 4c24 | 7048 8954 | 2468 4889 | 5c24 6048 
  0x0000028bad472b20: 896c 2450 | 4889 7424 | 4848 897c | 2440 4c89 | 4424 384c | 894c 2430 | 4c89 5424 | 284c 895c 
  0x0000028bad472b40: 2420 4c89 | 6424 184c | 896c 2410 | 4c89 7424 | 084c 893c | 2448 81ec | 1004 0000 | c5fb 1144 
  0x0000028bad472b60: 2428 c5fb | 114c 2430 | c5fb 1154 | 2438 c5fb | 115c 2440 | c5fb 1164 | 2448 c5fb | 116c 2450 
  0x0000028bad472b80: c5fb 1174 | 2458 c5fb | 117c 2460 | c57b 1144 | 2468 c57b | 114c 2470 | c57b 1154 | 2478 c57b 
  0x0000028bad472ba0: 119c 2480 | 0000 00c5 | 7b11 a424 | 8800 0000 | c57b 11ac | 2490 0000 | 00c5 7b11 | b424 9800 
  0x0000028bad472bc0: 0000 c57b | 11bc 24a0 | 0000 0048 | 8bd2 4c8b | c349 8bcf | c5f8 7749 | 89af b002 | 0000 4989 
  0x0000028bad472be0: a7a0 0200 | 0049 ba00 | c84f a9fe | 7f00 0041 | ffd2 49c7 | 87a0 0200 | 0000 0000 | 0049 c787 
  0x0000028bad472c00: b002 0000 | 0000 0000 | 49c7 87a8 | 0200 0000 | 0000 00c5 | f877 4981 | 7f08 0000 | 0000 0f84 
  0x0000028bad472c20: 1400 0000 | 498b 4708 | 49c7 87f8 | 0200 0000 | 0000 00e9 | e8e3 ffff | 498b 87f8 | 0200 0049 
  0x0000028bad472c40: c787 f802 | 0000 0000 | 0000 c5fb | 1044 2428 | c5fb 104c | 2430 c5fb | 1054 2438 | c5fb 105c 
  0x0000028bad472c60: 2440 c5fb | 1064 2448 | c5fb 106c | 2450 c5fb | 1074 2458 | c5fb 107c | 2460 c57b | 1044 2468 
  0x0000028bad472c80: c57b 104c | 2470 c57b | 1054 2478 | c57b 109c | 2480 0000 | 00c5 7b10 | a424 8800 | 0000 c57b 
  0x0000028bad472ca0: 10ac 2490 | 0000 00c5 | 7b10 b424 | 9800 0000 | c57b 10bc | 24a0 0000 | 0048 81c4 | 1004 0000 
  0x0000028bad472cc0: 4c8b 3c24 | 4c8b 7424 | 084c 8b6c | 2410 4c8b | 6424 184c | 8b5c 2420 | 4c8b 5424 | 284c 8b4c 
  0x0000028bad472ce0: 2430 4c8b | 4424 3848 | 8b7c 2440 | 488b 7424 | 4848 8b6c | 2450 488b | 5c24 6048 | 8b54 2468 
  0x0000028bad472d00: 488b 4c24 | 7048 81c4 | 8000 0000 | c9c3 6690 
[/MachCode]
--------------------------------------------------------------------------------


Compiled method (c1) 1653872   63       1       java.lang.AbstractStringBuilder::ensureCapacityInternal (39 bytes)
 total in heap  [0x0000028bad495990,0x0000028bad495ed0] = 1344
 relocation     [0x0000028bad495af0,0x0000028bad495b40] = 80
 main code      [0x0000028bad495b40,0x0000028bad495da0] = 608
 stub code      [0x0000028bad495da0,0x0000028bad495df8] = 88
 metadata       [0x0000028bad495df8,0x0000028bad495e08] = 16
 scopes data    [0x0000028bad495e08,0x0000028bad495e58] = 80
 scopes pcs     [0x0000028bad495e58,0x0000028bad495eb8] = 96
 dependencies   [0x0000028bad495eb8,0x0000028bad495ec0] = 8
 nul chk table  [0x0000028bad495ec0,0x0000028bad495ed0] = 16

[Constant Pool (empty)]

[MachCode]
[Entry Point]
  # {method} {0x0000028bb705d9c8} 'ensureCapacityInternal' '(I)V' in 'java/lang/AbstractStringBuilder'
  # this:     rdx:rdx   = 'java/lang/AbstractStringBuilder'
  # parm0:    r8        = int
  #           [sp+0xb0]  (sp of caller)
  0x0000028bad495b40: 448b 5208 | 49bb 0000 | 00b7 8b02 | 0000 4d03 | d34c 3bd0 

  0x0000028bad495b54: ;   {runtime_call ic_miss_stub}
  0x0000028bad495b54: 0f85 26b5 | f3ff 660f | 1f44 0000 
[Verified Entry Point]
  0x0000028bad495b60: 8984 2400 | 90ff ff55 | 4881 eca0 | 0000 0048 | 8954 2478 | 8b72 148b | 7e0c 0fbe | 4a10 488b 
  0x0000028bad495b80: dfd3 fb49 | 8bc0 2bc3 | 83f8 000f | 8e77 0100 | 0089 bc24 | 8000 0000 | 4889 b424 | 8800 0000 
  0x0000028bad495ba0: 488b da48 

  0x0000028bad495ba4: ;   {optimized virtual_call}
  0x0000028bad495ba4: 8bd3 90e8 

  0x0000028bad495ba8: ; ImmutableOopMap {[120]=Oop [136]=Oop }
                      ;*invokevirtual newCapacity {reexecute=0 rethrow=0 return_oop=0}
                      ; - java.lang.AbstractStringBuilder::ensureCapacityInternal@24 (line 229)
  0x0000028bad495ba8: 349f 1400 | 488b 5424 | 780f be4a | 104c 8bc0 | 41d3 e049 

  0x0000028bad495bbc: ;   {metadata({type array byte})}
  0x0000028bad495bbc: 8bd8 48ba | 2867 00b7 | 8b02 0000 | 4863 db48 | 8bfb 4881 | fbff ffff | 000f 8748 | 0100 0048 
  0x0000028bad495bdc: be17 0000 | 0000 0000 | 0048 8d34 | 1e48 83e6 | f849 8b87 | 0801 0000 | 488d 3430 | 493b b718 
  0x0000028bad495bfc: 0100 000f | 871e 0100 | 0049 89b7 | 0801 0000 | 482b f048 | c700 0100 | 0000 488b | ca49 ba00 
  0x0000028bad495c1c: 0000 b78b | 0200 0049 | 2bca 8948 | 0889 580c | 4883 ee10 | 0f84 1a00 | 0000 4885 | f60f 8411 
  0x0000028bad495c3c: 0000 0048 | 33db 48c1 | ee03 4889 | 5cf0 0848 | ffce 75f6 | 8bbc 2480 | 0000 0041 | 3bf8 498b 
  0x0000028bad495c5c: f048 0f4e | f748 8b94 | 2488 0000 | 0041 b800 | 0000 004c | 8bc8 bf00 | 0000 0048 | 8984 2490 
  0x0000028bad495c7c: 0000 0049 | 8d0c 303b | 4a0c 0f87 | a100 0000 | 85f6 0f8c | 9900 0000 | 4d63 c048 | 63ff 4a8d 
  0x0000028bad495c9c: 4c02 1049 | 8d54 3910 | 4c8b c648 | 83ec 20f7 | c40f 0000 | 000f 8412 | 0000 0048 

  0x0000028bad495cb8: ;   {runtime_call StubRoutines (2)}
  0x0000028bad495cb8: 83ec 08e8 | a022 f2ff | 4883 c408 | e905 0000 

  0x0000028bad495cc8: ;   {runtime_call StubRoutines (2)}
  0x0000028bad495cc8: 00e8 9222 | f2ff 4883 | c420 410f | be77 3883 | fe00 488b | 5424 780f | 8551 0000 | 0048 8b84 
  0x0000028bad495ce8: 2490 0000 | 004c 8bd0 | 4489 5214 | 488b f248 | 33f0 48c1 | ee14 4883 | fe00 0f85 | 4200 0000 
  0x0000028bad495d08: 4881 c4a0 | 0000 005d 

  0x0000028bad495d10: ;   {poll_return}
  0x0000028bad495d10: 493b a750 | 0300 000f | 873e 0000 

  0x0000028bad495d1c: ;   {runtime_call throw_null_pointer_exception Runtime1 stub}
  0x0000028bad495d1c: 00c3 e8fd 

  0x0000028bad495d20: ; ImmutableOopMap {rdx=Oop [120]=Oop rsi=Oop }
                      ;*arraylength {reexecute=0 rethrow=0 return_oop=0}
                      ; - java.lang.AbstractStringBuilder::ensureCapacityInternal@4 (line 226)
                      ;   {runtime_call new_type_array Runtime1 stub}
  0x0000028bad495d20: befd ffe8 

  0x0000028bad495d24: ; ImmutableOopMap {[136]=Oop [120]=Oop }
                      ;*newarray {reexecute=0 rethrow=0 return_oop=0}
                      ; - java.util.Arrays::copyOf@1 (line 3537)
                      ; - java.lang.AbstractStringBuilder::ensureCapacityInternal@32 (line 228)
  0x0000028bad495d24: d8cd fdff | e923 ffff 

  0x0000028bad495d2c: ;   {static_call}
  0x0000028bad495d2c: ff66 90e8 

  0x0000028bad495d30: ; ImmutableOopMap {[120]=Oop [144]=Oop }
                      ;*invokestatic arraycopy {reexecute=0 rethrow=0 return_oop=0}
                      ; - java.util.Arrays::copyOf@14 (line 3538)
                      ; - java.lang.AbstractStringBuilder::ensureCapacityInternal@32 (line 228)
  0x0000028bad495d30: 4cbc f3ff | eb9c 8b72 | 1448 83fe | 0074 a648 

  0x0000028bad495d40: ;   {runtime_call g1_pre_barrier_slow}
  0x0000028bad495d40: 8934 24e8 | b81b feff | eb9b 4883 | f800 74b8 | 4889 1424 

  0x0000028bad495d54: ;   {runtime_call g1_post_barrier_slow}
  0x0000028bad495d54: e8a7 1efe 

  0x0000028bad495d58: ;   {internal_word}
  0x0000028bad495d58: ffeb ad49 | ba10 5d49 | ad8b 0200 | 004d 8997 | 6803 0000 

  0x0000028bad495d6c: ;   {runtime_call SafepointBlob}
  0x0000028bad495d6c: e98f 1cf4 | ff90 9049 | 8b87 e003 | 0000 49c7 | 87e0 0300 | 0000 0000 | 0049 c787 | e803 0000 
  0x0000028bad495d8c: 0000 0000 | 4881 c4a0 | 0000 005d 

  0x0000028bad495d98: ;   {runtime_call unwind_exception Runtime1 stub}
  0x0000028bad495d98: e963 affd | fff4 f4f4 
[Stub Code]
  0x0000028bad495da0: ;   {no_reloc}
  0x0000028bad495da0: 0f1f 4400 

  0x0000028bad495da4: ;   {static_stub}
  0x0000028bad495da4: 0048 bb68 | d905 b78b 

  0x0000028bad495dac: ;   {runtime_call I2C/C2I adapters}
  0x0000028bad495dac: 0200 00e9 | a905 f4ff 

  0x0000028bad495db4: ;   {static_stub}
  0x0000028bad495db4: 9048 bb00 | 0000 0000 

  0x0000028bad495dbc: ;   {runtime_call}
  0x0000028bad495dbc: 0000 00e9 | fbff ffff 
[Exception Handler]
  0x0000028bad495dc4: ;   {runtime_call handle_exception_from_callee Runtime1 stub}
  0x0000028bad495dc4: e837 dffd 

  0x0000028bad495dc8: ;   {external_word}
  0x0000028bad495dc8: ff48 b950 | baca a9fe | 7f00 0048 

  0x0000028bad495dd4: ;   {runtime_call}
  0x0000028bad495dd4: 83e4 f049 | ba40 2e93 | a9fe 7f00 | 0041 ffd2 

  0x0000028bad495de4: ;   {section_word}
  0x0000028bad495de4: f449 bae5 | 5d49 ad8b | 0200 0041 

  0x0000028bad495df0: ;   {runtime_call DeoptimizationBlob}
  0x0000028bad495df0: 52e9 aa0e | f4ff f4f4 
[/MachCode]


Compiled method (c1) 1653877   87       1       java.lang.AbstractStringBuilder::append (45 bytes)
 total in heap  [0x0000028bad49c690,0x0000028bad49cb60] = 1232
 relocation     [0x0000028bad49c7f0,0x0000028bad49c848] = 88
 main code      [0x0000028bad49c860,0x0000028bad49c9c0] = 352
 stub code      [0x0000028bad49c9c0,0x0000028bad49ca28] = 104
 metadata       [0x0000028bad49ca28,0x0000028bad49ca40] = 24
 scopes data    [0x0000028bad49ca40,0x0000028bad49cab8] = 120
 scopes pcs     [0x0000028bad49cab8,0x0000028bad49cb38] = 128
 dependencies   [0x0000028bad49cb38,0x0000028bad49cb40] = 8
 nul chk table  [0x0000028bad49cb40,0x0000028bad49cb60] = 32

[Constant Pool (empty)]

[MachCode]
[Entry Point]
  # {method} {0x0000028bb705c420} 'append' '(Ljava/lang/String;)Ljava/lang/AbstractStringBuilder;' in 'java/lang/AbstractStringBuilder'
  # this:     rdx:rdx   = 'java/lang/AbstractStringBuilder'
  # parm0:    r8:r8     = 'java/lang/String'
  #           [sp+0xb0]  (sp of caller)
  0x0000028bad49c860: 448b 5208 | 49bb 0000 | 00b7 8b02 | 0000 4d03 | d34c 3bd0 

  0x0000028bad49c874: ;   {runtime_call ic_miss_stub}
  0x0000028bad49c874: 0f85 0648 | f3ff 660f | 1f44 0000 
[Verified Entry Point]
  0x0000028bad49c880: 8984 2400 | 90ff ff55 | 4881 eca0 | 0000 0048 | 8954 2478 | 4983 f800 | 0f85 1c00 

  0x0000028bad49c89c: ;   {optimized virtual_call}
  0x0000028bad49c89c: 0000 90e8 

  0x0000028bad49c8a0: ; ImmutableOopMap {}
                      ;*invokevirtual appendNull {reexecute=0 rethrow=0 return_oop=0}
                      ; - java.lang.AbstractStringBuilder::append@5 (line 579)
  0x0000028bad49c8a0: dc4a f3ff | 4881 c4a0 | 0000 005d 

  0x0000028bad49c8ac: ;   {poll_return}
  0x0000028bad49c8ac: 493b a750 | 0300 000f | 879e 0000 | 00c3 418b | 4814 8b71 | 0c41 0fbe | 4810 c1e1 | 18c1 f918 
  0x0000028bad49c8cc: d3fe 8b7a | 0c03 fe4c | 8984 2480 | 0000 004c | 8bc7 488b | fa48 8bd7 | 89b4 2488 | 0000 000f 
  0x0000028bad49c8ec: ;   {optimized virtual_call}
  0x0000028bad49c8ec: 1f40 00e8 

  0x0000028bad49c8f0: ; ImmutableOopMap {[120]=Oop [128]=Oop }
                      ;*invokevirtual ensureCapacityInternal {reexecute=0 rethrow=0 return_oop=0}
                      ; - java.lang.AbstractStringBuilder::append@21 (line 582)
  0x0000028bad49c8f0: 6c92 ffff | 488b 5424 | 7844 8b42 | 0c4c 8b8c | 2480 0000 | 0041 8b49 | 148b 790c | 410f be49 
  0x0000028bad49c910: 10c1 e118 | c1f9 1848 | 8bf7 d3fe | bf00 0000 | 0048 8bda 

  0x0000028bad49c924: ;   {optimized virtual_call}
  0x0000028bad49c924: 488b d3e8 

  0x0000028bad49c928: ; ImmutableOopMap {[120]=Oop }
                      ;*invokevirtual putStringAt {reexecute=0 rethrow=0 return_oop=0}
                      ; - java.lang.AbstractStringBuilder::putStringAt@8 (line 1724)
                      ; - java.lang.AbstractStringBuilder::append@30 (line 583)
  0x0000028bad49c928: b408 0000 | 488b 5424 | 788b 420c | 0384 2488 | 0000 0089 | 420c 488b | c248 81c4 | a000 0000 
  0x0000028bad49c948: ;   {poll_return}
  0x0000028bad49c948: 5d49 3ba7 | 5003 0000 | 0f87 2600 

  0x0000028bad49c954: ;   {internal_word}
  0x0000028bad49c954: 0000 c349 | baac c849 | ad8b 0200 | 004d 8997 | 6803 0000 

  0x0000028bad49c968: ;   {runtime_call SafepointBlob}
  0x0000028bad49c968: e993 b0f3 

  0x0000028bad49c96c: ;   {runtime_call throw_null_pointer_exception Runtime1 stub}
  0x0000028bad49c96c: ffe8 ae52 

  0x0000028bad49c970: ; ImmutableOopMap {rdx=Oop [120]=Oop r8=Oop }
                      ;*invokevirtual length {reexecute=0 rethrow=0 return_oop=0}
                      ; - java.lang.AbstractStringBuilder::append@10 (line 581)
                      ;   {runtime_call throw_null_pointer_exception Runtime1 stub}
  0x0000028bad49c970: fdff e8a9 

  0x0000028bad49c974: ; ImmutableOopMap {rdx=Oop [120]=Oop r8=Oop }
                      ;*arraylength {reexecute=0 rethrow=0 return_oop=0}
                      ; - java.lang.String::length@4 (line 1481)
                      ; - java.lang.AbstractStringBuilder::append@10 (line 581)
                      ;   {runtime_call throw_null_pointer_exception Runtime1 stub}
  0x0000028bad49c974: 52fd ffe8 

  0x0000028bad49c978: ; ImmutableOopMap {rdx=Oop [120]=Oop r9=Oop }
                      ;*arraylength {reexecute=0 rethrow=0 return_oop=0}
                      ; - java.lang.String::length@4 (line 1481)
                      ; - java.lang.AbstractStringBuilder::putStringAt@5 (line 1724)
                      ; - java.lang.AbstractStringBuilder::append@30 (line 583)
  0x0000028bad49c978: a452 fdff 

  0x0000028bad49c97c: ;   {internal_word}
  0x0000028bad49c97c: 49ba 49c9 | 49ad 8b02 | 0000 4d89 | 9768 0300 

  0x0000028bad49c98c: ;   {runtime_call SafepointBlob}
  0x0000028bad49c98c: 00e9 6eb0 | f3ff 9090 | 498b 87e0 | 0300 0049 | c787 e003 | 0000 0000 | 0000 49c7 | 87e8 0300 
  0x0000028bad49c9ac: 0000 0000 | 0048 81c4 | a000 0000 

  0x0000028bad49c9b8: ;   {runtime_call unwind_exception Runtime1 stub}
  0x0000028bad49c9b8: 5de9 4243 | fdff f4f4 
[Stub Code]
  0x0000028bad49c9c0: ;   {no_reloc}
  0x0000028bad49c9c0: 0f1f 4400 

  0x0000028bad49c9c4: ;   {static_stub}
  0x0000028bad49c9c4: 0048 bb00 | 0000 0000 

  0x0000028bad49c9cc: ;   {runtime_call}
  0x0000028bad49c9cc: 0000 00e9 | fbff ffff 

  0x0000028bad49c9d4: ;   {static_stub}
  0x0000028bad49c9d4: 9048 bb00 | 0000 0000 

  0x0000028bad49c9dc: ;   {runtime_call}
  0x0000028bad49c9dc: 0000 00e9 | fbff ffff 

  0x0000028bad49c9e4: ;   {static_stub}
  0x0000028bad49c9e4: 9048 bb00 | 0000 0000 

  0x0000028bad49c9ec: ;   {runtime_call}
  0x0000028bad49c9ec: 0000 00e9 | fbff ffff 
[Exception Handler]
  0x0000028bad49c9f4: ;   {runtime_call handle_exception_from_callee Runtime1 stub}
  0x0000028bad49c9f4: e807 73fd 

  0x0000028bad49c9f8: ;   {external_word}
  0x0000028bad49c9f8: ff48 b950 | baca a9fe | 7f00 0048 

  0x0000028bad49ca04: ;   {runtime_call}
  0x0000028bad49ca04: 83e4 f049 | ba40 2e93 | a9fe 7f00 | 0041 ffd2 

  0x0000028bad49ca14: ;   {section_word}
  0x0000028bad49ca14: f449 ba15 | ca49 ad8b | 0200 0041 

  0x0000028bad49ca20: ;   {runtime_call DeoptimizationBlob}
  0x0000028bad49ca20: 52e9 7aa2 | f3ff f4f4 
[/MachCode]


---------------  P R O C E S S  ---------------

Threads class SMR info:
_java_thread_list=0x0000028bff96f290, length=41, elements={
0x0000028bb6b154a0, 0x0000028bb6b18470, 0x0000028bb6b24360, 0x0000028bb6b251e0,
0x0000028bb6b28bc0, 0x0000028bb6b29580, 0x0000028bb6b2c000, 0x0000028bb6b3f770,
0x0000028bb6afd3c0, 0x0000028bfc0c6510, 0x0000028bfc0c69f0, 0x0000028bfc258360,
0x0000028bfc413f60, 0x0000028bfc426650, 0x0000028bfc70a9b0, 0x0000028bfc709060,
0x0000028bfc709a80, 0x0000028bfc70b8e0, 0x0000028bfc70c810, 0x0000028bff3585d0,
0x0000028bff356770, 0x0000028bff3580c0, 0x0000028bff359500, 0x0000028bff3539e0,
0x0000028bff358ae0, 0x0000028bff353ef0, 0x0000028bff354400, 0x0000028bff358ff0,
0x0000028bff3534d0, 0x0000028bff354910, 0x0000028bff352090, 0x0000028bff355d50,
0x0000028bff356260, 0x0000028bff3576a0, 0x0000028bff356c80, 0x0000028bff352fc0,
0x0000028bff355330, 0x0000028bff355840, 0x0000028bfc3d5340, 0x0000028bff357bb0,
0x0000028bff3525a0
}

Java Threads: ( => current thread )
  0x0000028bb6b154a0 JavaThread "Reference Handler" daemon [_thread_blocked, id=14376, stack(0x000000f94ef00000,0x000000f94f000000)]
  0x0000028bb6b18470 JavaThread "Finalizer" daemon [_thread_blocked, id=13268, stack(0x000000f94f000000,0x000000f94f100000)]
  0x0000028bb6b24360 JavaThread "Signal Dispatcher" daemon [_thread_blocked, id=8060, stack(0x000000f94f100000,0x000000f94f200000)]
  0x0000028bb6b251e0 JavaThread "Attach Listener" daemon [_thread_blocked, id=23684, stack(0x000000f94f200000,0x000000f94f300000)]
  0x0000028bb6b28bc0 JavaThread "Service Thread" daemon [_thread_blocked, id=26552, stack(0x000000f94f300000,0x000000f94f400000)]
  0x0000028bb6b29580 JavaThread "Monitor Deflation Thread" daemon [_thread_blocked, id=22620, stack(0x000000f94f400000,0x000000f94f500000)]
  0x0000028bb6b2c000 JavaThread "C1 CompilerThread0" daemon [_thread_blocked, id=17060, stack(0x000000f94f500000,0x000000f94f600000)]
  0x0000028bb6b3f770 JavaThread "Sweeper thread" daemon [_thread_blocked, id=21524, stack(0x000000f94f600000,0x000000f94f700000)]
  0x0000028bb6afd3c0 JavaThread "Common-Cleaner" daemon [_thread_blocked, id=14808, stack(0x000000f94f700000,0x000000f94f800000)]
  0x0000028bfc0c6510 JavaThread "Monitor Ctrl-Break" daemon [_thread_in_native, id=15612, stack(0x000000f94fa00000,0x000000f94fb00000)]
  0x0000028bfc0c69f0 JavaThread "Notification Thread" daemon [_thread_blocked, id=22444, stack(0x000000f94fb00000,0x000000f94fc00000)]
  0x0000028bfc258360 JavaThread "RMI TCP Accept-0" daemon [_thread_in_native, id=24728, stack(0x000000f94fc00000,0x000000f94fd00000)]
  0x0000028bfc413f60 JavaThread "RMI Scheduler(0)" daemon [_thread_blocked, id=19092, stack(0x000000f94ff00000,0x000000f950000000)]
  0x0000028bfc426650 JavaThread "JMX server connection timeout 20" daemon [_thread_blocked, id=26016, stack(0x000000f950000000,0x000000f950100000)]
  0x0000028bfc70a9b0 JavaThread "Catalina-utility-1" [_thread_blocked, id=19908, stack(0x000000f950a00000,0x000000f950b00000)]
  0x0000028bfc709060 JavaThread "Catalina-utility-2" [_thread_blocked, id=14096, stack(0x000000f950d00000,0x000000f950e00000)]
  0x0000028bfc709a80 JavaThread "container-0" [_thread_blocked, id=18156, stack(0x000000f950e00000,0x000000f950f00000)]
  0x0000028bfc70b8e0 JavaThread "Cleaner-0" daemon [_thread_blocked, id=25156, stack(0x000000f951100000,0x000000f951200000)]
  0x0000028bfc70c810 JavaThread "HikariPool-1:housekeeper" daemon [_thread_blocked, id=22944, stack(0x000000f951200000,0x000000f951300000)]
  0x0000028bff3585d0 JavaThread "AMQP Connection 127.0.0.1:5672" [_thread_in_native, id=16164, stack(0x000000f951500000,0x000000f951600000)]
  0x0000028bff356770 JavaThread "pool-3-thread-2" [_thread_blocked, id=15084, stack(0x000000f951600000,0x000000f951700000)]
  0x0000028bff3580c0 JavaThread "http-nio-8082-exec-1" daemon [_thread_blocked, id=10760, stack(0x000000f951700000,0x000000f951800000)]
  0x0000028bff359500 JavaThread "http-nio-8082-exec-2" daemon [_thread_blocked, id=23840, stack(0x000000f951800000,0x000000f951900000)]
  0x0000028bff3539e0 JavaThread "http-nio-8082-exec-3" daemon [_thread_blocked, id=12764, stack(0x000000f951900000,0x000000f951a00000)]
  0x0000028bff358ae0 JavaThread "http-nio-8082-exec-4" daemon [_thread_blocked, id=26320, stack(0x000000f951a00000,0x000000f951b00000)]
  0x0000028bff353ef0 JavaThread "http-nio-8082-exec-5" daemon [_thread_blocked, id=22544, stack(0x000000f951b00000,0x000000f951c00000)]
  0x0000028bff354400 JavaThread "http-nio-8082-exec-6" daemon [_thread_blocked, id=21544, stack(0x000000f951c00000,0x000000f951d00000)]
  0x0000028bff358ff0 JavaThread "http-nio-8082-exec-7" daemon [_thread_blocked, id=292, stack(0x000000f951d00000,0x000000f951e00000)]
  0x0000028bff3534d0 JavaThread "http-nio-8082-exec-8" daemon [_thread_blocked, id=3704, stack(0x000000f951e00000,0x000000f951f00000)]
  0x0000028bff354910 JavaThread "http-nio-8082-exec-9" daemon [_thread_blocked, id=26204, stack(0x000000f951f00000,0x000000f952000000)]
  0x0000028bff352090 JavaThread "http-nio-8082-exec-10" daemon [_thread_blocked, id=13980, stack(0x000000f952000000,0x000000f952100000)]
  0x0000028bff355d50 JavaThread "http-nio-8082-Poller" daemon [_thread_in_native, id=22756, stack(0x000000f952100000,0x000000f952200000)]
  0x0000028bff356260 JavaThread "http-nio-8082-Acceptor" daemon [_thread_in_native, id=9020, stack(0x000000f952200000,0x000000f952300000)]
  0x0000028bff3576a0 JavaThread "DestroyJavaVM" [_thread_blocked, id=23692, stack(0x000000f94e800000,0x000000f94e900000)]
  0x0000028bff356c80 JavaThread "RMI TCP Connection(6)-172.28.48.1" daemon [_thread_in_native, id=9624, stack(0x000000f94e500000,0x000000f94e600000)]
  0x0000028bff352fc0 JavaThread "HikariPool-1:connection-closer" daemon [_thread_blocked, id=24140, stack(0x000000f94e700000,0x000000f94e800000)]
  0x0000028bff355330 JavaThread "HikariPool-1:connection-adder" daemon [_thread_blocked, id=24220, stack(0x000000f94f800000,0x000000f94f900000)]
=>0x0000028bff355840 JavaThread "Ehcache [_default_]-0" daemon [_thread_in_vm, id=5276, stack(0x000000f94f900000,0x000000f94fa00000)]
  0x0000028bfc3d5340 JavaThread "C1 CompilerThread1" daemon [_thread_blocked, id=22512, stack(0x000000f94fe00000,0x000000f94ff00000)]
  0x0000028bff357bb0 JavaThread "http-nio-8082-exec-11" daemon [_thread_blocked, id=20964, stack(0x000000f951400000,0x000000f951500000)]
  0x0000028bff3525a0 JavaThread "http-nio-8082-exec-12" daemon [_thread_blocked, id=21136, stack(0x000000f952300000,0x000000f952400000)]

Other Threads:
  0x0000028bb6b0f530 VMThread "VM Thread" [stack: 0x000000f94ee00000,0x000000f94ef00000] [id=1812]
  0x0000028ba5811c60 WatcherThread [stack: 0x000000f94fd00000,0x000000f94fe00000] [id=12736]
  0x0000028ba585de00 GCTaskThread "GC Thread#0" [stack: 0x000000f94e900000,0x000000f94ea00000] [id=10460]
  0x0000028bfc5bdba0 GCTaskThread "GC Thread#1" [stack: 0x000000f950100000,0x000000f950200000] [id=24040]
  0x0000028bfc5bde70 GCTaskThread "GC Thread#2" [stack: 0x000000f950200000,0x000000f950300000] [id=25064]
  0x0000028bfc6ad160 GCTaskThread "GC Thread#3" [stack: 0x000000f950300000,0x000000f950400000] [id=12768]
  0x0000028bfc6ace90 GCTaskThread "GC Thread#4" [stack: 0x000000f950400000,0x000000f950500000] [id=16120]
  0x0000028bfc6ad700 GCTaskThread "GC Thread#5" [stack: 0x000000f950500000,0x000000f950600000] [id=18404]
  0x0000028bfc6ad9d0 GCTaskThread "GC Thread#6" [stack: 0x000000f950600000,0x000000f950700000] [id=20568]
  0x0000028bfc6adca0 GCTaskThread "GC Thread#7" [stack: 0x000000f950700000,0x000000f950800000] [id=15704]
  0x0000028bfc6adf70 GCTaskThread "GC Thread#8" [stack: 0x000000f950800000,0x000000f950900000] [id=25796]
  0x0000028bfc6ae240 GCTaskThread "GC Thread#9" [stack: 0x000000f950900000,0x000000f950a00000] [id=23232]
  0x0000028ba586a920 ConcurrentGCThread "G1 Main Marker" [stack: 0x000000f94ea00000,0x000000f94eb00000] [id=22596]
  0x0000028ba586b340 ConcurrentGCThread "G1 Conc#0" [stack: 0x000000f94eb00000,0x000000f94ec00000] [id=13172]
  0x0000028bfd08f780 ConcurrentGCThread "G1 Conc#1" [stack: 0x000000f950b00000,0x000000f950c00000] [id=24956]
  0x0000028bfd08ca80 ConcurrentGCThread "G1 Conc#2" [stack: 0x000000f950c00000,0x000000f950d00000] [id=13612]
  0x0000028bb69d20c0 ConcurrentGCThread "G1 Refine#0" [stack: 0x000000f94ec00000,0x000000f94ed00000] [id=21636]
  0x0000028bfed4fcf0 ConcurrentGCThread "G1 Refine#1" [stack: 0x000000f94e600000,0x000000f94e700000] [id=1084]
  0x0000028bb69d2b00 ConcurrentGCThread "G1 Service" [stack: 0x000000f94ed00000,0x000000f94ee00000] [id=5064]

Threads with active compile tasks:

VM state: not at safepoint (normal execution)

VM Mutex/Monitor currently owned by a thread:  ([mutex/lock_event])
[0x0000028ba580aec0] Heap_lock - owner thread: 0x0000028bff355840

Heap address: 0x00000000a2200000, size: 1502 MB, Compressed Oops mode: 32-bit

CDS archive(s) mapped at: [0x0000028bb7000000-0x0000028bb7bb0000-0x0000028bb7bb0000), size 12255232, SharedBaseAddress: 0x0000028bb7000000, ArchiveRelocationMode: 1.
Compressed class space mapped at: 0x0000028bb8000000-0x0000028bf8000000, reserved size: 1073741824
Narrow klass base: 0x0000028bb7000000, Narrow klass shift: 0, Narrow klass range: 0x100000000

GC Precious Log:
 CPUs: 12 total, 12 available
 Memory: 6005M
 Large Page Support: Disabled
 NUMA Support: Disabled
 Compressed Oops: Enabled (32-bit)
 Heap Region Size: 1M
 Heap Min Capacity: 8M
 Heap Initial Capacity: 94M
 Heap Max Capacity: 1502M
 Pre-touch: Disabled
 Parallel Workers: 10
 Concurrent Workers: 3
 Concurrent Refinement Workers: 10
 Periodic GC: Disabled

Heap:
 garbage-first heap   total 643072K, used 630800K [0x00000000a2200000, 0x0000000100000000)
  region size 1024K, 12 young (12288K), 1 survivors (1024K)
 Metaspace       used 95171K, committed 95936K, reserved 1179648K
  class space    used 14173K, committed 14528K, reserved 1048576K

Heap Regions: E=young(eden), S=young(survivor), O=old, HS=humongous(starts), HC=humongous(continues), CS=collection set, F=free, OA=open archive, CA=closed archive, TAMS=top-at-mark-start (previous, next)
|   0|0x00000000a2200000, 0x00000000a2300000, 0x00000000a2300000|100%|HS|  |TAMS 0x00000000a2300000, 0x00000000a2200000| Complete 
|   1|0x00000000a2300000, 0x00000000a2400000, 0x00000000a2400000|100%|HS|  |TAMS 0x00000000a2400000, 0x00000000a2300000| Complete 
|   2|0x00000000a2400000, 0x00000000a2500000, 0x00000000a2500000|100%| O|  |TAMS 0x00000000a2500000, 0x00000000a2400000| Untracked 
|   3|0x00000000a2500000, 0x00000000a2600000, 0x00000000a2600000|100%| O|  |TAMS 0x00000000a2600000, 0x00000000a2500000| Untracked 
|   4|0x00000000a2600000, 0x00000000a2700000, 0x00000000a2700000|100%| O|  |TAMS 0x00000000a2700000, 0x00000000a2600000| Untracked 
|   5|0x00000000a2700000, 0x00000000a2800000, 0x00000000a2800000|100%| O|  |TAMS 0x00000000a2800000, 0x00000000a2700000| Untracked 
|   6|0x00000000a2800000, 0x00000000a2900000, 0x00000000a2900000|100%| O|  |TAMS 0x00000000a2900000, 0x00000000a2800000| Untracked 
|   7|0x00000000a2900000, 0x00000000a2a00000, 0x00000000a2a00000|100%| O|  |TAMS 0x00000000a2a00000, 0x00000000a2900000| Untracked 
|   8|0x00000000a2a00000, 0x00000000a2b00000, 0x00000000a2b00000|100%| O|  |TAMS 0x00000000a2b00000, 0x00000000a2a00000| Untracked 
|   9|0x00000000a2b00000, 0x00000000a2c00000, 0x00000000a2c00000|100%| O|  |TAMS 0x00000000a2c00000, 0x00000000a2b00000| Untracked 
|  10|0x00000000a2c00000, 0x00000000a2d00000, 0x00000000a2d00000|100%|HS|  |TAMS 0x00000000a2c00000, 0x00000000a2c00000| Complete 
|  11|0x00000000a2d00000, 0x00000000a2e00000, 0x00000000a2e00000|100%| O|  |TAMS 0x00000000a2e00000, 0x00000000a2d00000| Untracked 
|  12|0x00000000a2e00000, 0x00000000a2f00000, 0x00000000a2f00000|100%| O|  |TAMS 0x00000000a2f00000, 0x00000000a2e00000| Untracked 
|  13|0x00000000a2f00000, 0x00000000a3000000, 0x00000000a3000000|100%| O|  |TAMS 0x00000000a3000000, 0x00000000a2f00000| Untracked 
|  14|0x00000000a3000000, 0x00000000a3100000, 0x00000000a3100000|100%|HS|  |TAMS 0x00000000a3000000, 0x00000000a3000000| Complete 
|  15|0x00000000a3100000, 0x00000000a3200000, 0x00000000a3200000|100%| O|  |TAMS 0x00000000a3200000, 0x00000000a3100000| Untracked 
|  16|0x00000000a3200000, 0x00000000a3300000, 0x00000000a3300000|100%| O|  |TAMS 0x00000000a3300000, 0x00000000a3200000| Complete 
|  17|0x00000000a3300000, 0x00000000a3400000, 0x00000000a3400000|100%| O|  |TAMS 0x00000000a3400000, 0x00000000a3300000| Untracked 
|  18|0x00000000a3400000, 0x00000000a3500000, 0x00000000a3500000|100%|HS|  |TAMS 0x00000000a3500000, 0x00000000a3400000| Complete 
|  19|0x00000000a3500000, 0x00000000a3600000, 0x00000000a3600000|100%|HC|  |TAMS 0x00000000a3600000, 0x00000000a3500000| Complete 
|  20|0x00000000a3600000, 0x00000000a3700000, 0x00000000a3700000|100%|HC|  |TAMS 0x00000000a3700000, 0x00000000a3600000| Complete 
|  21|0x00000000a3700000, 0x00000000a3800000, 0x00000000a3800000|100%| O|  |TAMS 0x00000000a3800000, 0x00000000a3700000| Untracked 
|  22|0x00000000a3800000, 0x00000000a3900000, 0x00000000a3900000|100%| O|  |TAMS 0x00000000a3900000, 0x00000000a3800000| Untracked 
|  23|0x00000000a3900000, 0x00000000a3a00000, 0x00000000a3a00000|100%| O|  |TAMS 0x00000000a3a00000, 0x00000000a3900000| Untracked 
|  24|0x00000000a3a00000, 0x00000000a3b00000, 0x00000000a3b00000|100%| O|  |TAMS 0x00000000a3b00000, 0x00000000a3a00000| Untracked 
|  25|0x00000000a3b00000, 0x00000000a3c00000, 0x00000000a3c00000|100%| O|  |TAMS 0x00000000a3c00000, 0x00000000a3b00000| Untracked 
|  26|0x00000000a3c00000, 0x00000000a3d00000, 0x00000000a3d00000|100%|HS|  |TAMS 0x00000000a3c00000, 0x00000000a3c00000| Complete 
|  27|0x00000000a3d00000, 0x00000000a3e00000, 0x00000000a3e00000|100%| O|  |TAMS 0x00000000a3e00000, 0x00000000a3d00000| Untracked 
|  28|0x00000000a3e00000, 0x00000000a3f00000, 0x00000000a3f00000|100%| O|  |TAMS 0x00000000a3f00000, 0x00000000a3e00000| Complete 
|  29|0x00000000a3f00000, 0x00000000a4000000, 0x00000000a4000000|100%| O|  |TAMS 0x00000000a4000000, 0x00000000a3f00000| Untracked 
|  30|0x00000000a4000000, 0x00000000a4100000, 0x00000000a4100000|100%| O|  |TAMS 0x00000000a4100000, 0x00000000a4000000| Untracked 
|  31|0x00000000a4100000, 0x00000000a4200000, 0x00000000a4200000|100%| O|  |TAMS 0x00000000a4200000, 0x00000000a4100000| Untracked 
|  32|0x00000000a4200000, 0x00000000a4300000, 0x00000000a4300000|100%|HS|  |TAMS 0x00000000a4200000, 0x00000000a4200000| Complete 
|  33|0x00000000a4300000, 0x00000000a4400000, 0x00000000a4400000|100%|HC|  |TAMS 0x00000000a4300000, 0x00000000a4300000| Complete 
|  34|0x00000000a4400000, 0x00000000a4500000, 0x00000000a4500000|100%|HS|  |TAMS 0x00000000a4400000, 0x00000000a4400000| Complete 
|  35|0x00000000a4500000, 0x00000000a4600000, 0x00000000a4600000|100%| O|  |TAMS 0x00000000a4600000, 0x00000000a4500000| Untracked 
|  36|0x00000000a4600000, 0x00000000a4700000, 0x00000000a4700000|100%| O|  |TAMS 0x00000000a4700000, 0x00000000a4600000| Untracked 
|  37|0x00000000a4700000, 0x00000000a4800000, 0x00000000a4800000|100%| O|  |TAMS 0x00000000a4800000, 0x00000000a4700000| Untracked 
|  38|0x00000000a4800000, 0x00000000a4900000, 0x00000000a4900000|100%| O|  |TAMS 0x00000000a4900000, 0x00000000a4800000| Untracked 
|  39|0x00000000a4900000, 0x00000000a4a00000, 0x00000000a4a00000|100%| O|  |TAMS 0x00000000a4a00000, 0x00000000a4900000| Untracked 
|  40|0x00000000a4a00000, 0x00000000a4a00000, 0x00000000a4b00000|  0%| F|  |TAMS 0x00000000a4a00000, 0x00000000a4a00000| Untracked 
|  41|0x00000000a4b00000, 0x00000000a4c00000, 0x00000000a4c00000|100%| O|  |TAMS 0x00000000a4c00000, 0x00000000a4b00000| Untracked 
|  42|0x00000000a4c00000, 0x00000000a4d00000, 0x00000000a4d00000|100%| O|  |TAMS 0x00000000a4d00000, 0x00000000a4c00000| Untracked 
|  43|0x00000000a4d00000, 0x00000000a4e00000, 0x00000000a4e00000|100%| O|  |TAMS 0x00000000a4e00000, 0x00000000a4d00000| Untracked 
|  44|0x00000000a4e00000, 0x00000000a4f00000, 0x00000000a4f00000|100%| O|  |TAMS 0x00000000a4f00000, 0x00000000a4e00000| Untracked 
|  45|0x00000000a4f00000, 0x00000000a5000000, 0x00000000a5000000|100%| O|  |TAMS 0x00000000a5000000, 0x00000000a4f00000| Untracked 
|  46|0x00000000a5000000, 0x00000000a5100000, 0x00000000a5100000|100%| O|  |TAMS 0x00000000a5100000, 0x00000000a5000000| Untracked 
|  47|0x00000000a5100000, 0x00000000a5200000, 0x00000000a5200000|100%| O|  |TAMS 0x00000000a5200000, 0x00000000a5100000| Untracked 
|  48|0x00000000a5200000, 0x00000000a5300000, 0x00000000a5300000|100%| O|  |TAMS 0x00000000a5300000, 0x00000000a5200000| Untracked 
|  49|0x00000000a5300000, 0x00000000a5400000, 0x00000000a5400000|100%|HS|  |TAMS 0x00000000a5400000, 0x00000000a5300000| Complete 
|  50|0x00000000a5400000, 0x00000000a5500000, 0x00000000a5500000|100%|HC|  |TAMS 0x00000000a5500000, 0x00000000a5400000| Complete 
|  51|0x00000000a5500000, 0x00000000a5600000, 0x00000000a5600000|100%|HS|  |TAMS 0x00000000a5600000, 0x00000000a5500000| Complete 
|  52|0x00000000a5600000, 0x00000000a5700000, 0x00000000a5700000|100%|HC|  |TAMS 0x00000000a5700000, 0x00000000a5600000| Complete 
|  53|0x00000000a5700000, 0x00000000a5800000, 0x00000000a5800000|100%|HC|  |TAMS 0x00000000a5800000, 0x00000000a5700000| Complete 
|  54|0x00000000a5800000, 0x00000000a5900000, 0x00000000a5900000|100%|HC|  |TAMS 0x00000000a5900000, 0x00000000a5800000| Complete 
|  55|0x00000000a5900000, 0x00000000a5a00000, 0x00000000a5a00000|100%|HS|  |TAMS 0x00000000a5a00000, 0x00000000a5900000| Complete 
|  56|0x00000000a5a00000, 0x00000000a5b00000, 0x00000000a5b00000|100%|HC|  |TAMS 0x00000000a5b00000, 0x00000000a5a00000| Complete 
|  57|0x00000000a5b00000, 0x00000000a5c00000, 0x00000000a5c00000|100%|HS|  |TAMS 0x00000000a5c00000, 0x00000000a5b00000| Complete 
|  58|0x00000000a5c00000, 0x00000000a5d00000, 0x00000000a5d00000|100%|HC|  |TAMS 0x00000000a5d00000, 0x00000000a5c00000| Complete 
|  59|0x00000000a5d00000, 0x00000000a5e00000, 0x00000000a5e00000|100%|HC|  |TAMS 0x00000000a5e00000, 0x00000000a5d00000| Complete 
|  60|0x00000000a5e00000, 0x00000000a5f00000, 0x00000000a5f00000|100%|HS|  |TAMS 0x00000000a5f00000, 0x00000000a5e00000| Complete 
|  61|0x00000000a5f00000, 0x00000000a6000000, 0x00000000a6000000|100%|HC|  |TAMS 0x00000000a6000000, 0x00000000a5f00000| Complete 
|  62|0x00000000a6000000, 0x00000000a6100000, 0x00000000a6100000|100%|HC|  |TAMS 0x00000000a6100000, 0x00000000a6000000| Complete 
|  63|0x00000000a6100000, 0x00000000a6200000, 0x00000000a6200000|100%|HC|  |TAMS 0x00000000a6200000, 0x00000000a6100000| Complete 
|  64|0x00000000a6200000, 0x00000000a6300000, 0x00000000a6300000|100%|HC|  |TAMS 0x00000000a6300000, 0x00000000a6200000| Complete 
|  65|0x00000000a6300000, 0x00000000a6400000, 0x00000000a6400000|100%|HS|  |TAMS 0x00000000a6300000, 0x00000000a6300000| Complete 
|  66|0x00000000a6400000, 0x00000000a6500000, 0x00000000a6500000|100%|HC|  |TAMS 0x00000000a6400000, 0x00000000a6400000| Complete 
|  67|0x00000000a6500000, 0x00000000a6600000, 0x00000000a6600000|100%|HC|  |TAMS 0x00000000a6500000, 0x00000000a6500000| Complete 
|  68|0x00000000a6600000, 0x00000000a6700000, 0x00000000a6700000|100%|HC|  |TAMS 0x00000000a6600000, 0x00000000a6600000| Complete 
|  69|0x00000000a6700000, 0x00000000a6800000, 0x00000000a6800000|100%|HC|  |TAMS 0x00000000a6700000, 0x00000000a6700000| Complete 
|  70|0x00000000a6800000, 0x00000000a6900000, 0x00000000a6900000|100%|HC|  |TAMS 0x00000000a6800000, 0x00000000a6800000| Complete 
|  71|0x00000000a6900000, 0x00000000a6a00000, 0x00000000a6a00000|100%|HC|  |TAMS 0x00000000a6900000, 0x00000000a6900000| Complete 
|  72|0x00000000a6a00000, 0x00000000a6b00000, 0x00000000a6b00000|100%|HC|  |TAMS 0x00000000a6a00000, 0x00000000a6a00000| Complete 
|  73|0x00000000a6b00000, 0x00000000a6c00000, 0x00000000a6c00000|100%|HC|  |TAMS 0x00000000a6b00000, 0x00000000a6b00000| Complete 
|  74|0x00000000a6c00000, 0x00000000a6d00000, 0x00000000a6d00000|100%|HC|  |TAMS 0x00000000a6c00000, 0x00000000a6c00000| Complete 
|  75|0x00000000a6d00000, 0x00000000a6e00000, 0x00000000a6e00000|100%|HC|  |TAMS 0x00000000a6d00000, 0x00000000a6d00000| Complete 
|  76|0x00000000a6e00000, 0x00000000a6f00000, 0x00000000a6f00000|100%|HS|  |TAMS 0x00000000a6e00000, 0x00000000a6e00000| Complete 
|  77|0x00000000a6f00000, 0x00000000a7000000, 0x00000000a7000000|100%|HC|  |TAMS 0x00000000a6f00000, 0x00000000a6f00000| Complete 
|  78|0x00000000a7000000, 0x00000000a7100000, 0x00000000a7100000|100%|HC|  |TAMS 0x00000000a7000000, 0x00000000a7000000| Complete 
|  79|0x00000000a7100000, 0x00000000a7200000, 0x00000000a7200000|100%|HC|  |TAMS 0x00000000a7100000, 0x00000000a7100000| Complete 
|  80|0x00000000a7200000, 0x00000000a7300000, 0x00000000a7300000|100%|HC|  |TAMS 0x00000000a7200000, 0x00000000a7200000| Complete 
|  81|0x00000000a7300000, 0x00000000a7400000, 0x00000000a7400000|100%|HC|  |TAMS 0x00000000a7300000, 0x00000000a7300000| Complete 
|  82|0x00000000a7400000, 0x00000000a7500000, 0x00000000a7500000|100%|HC|  |TAMS 0x00000000a7400000, 0x00000000a7400000| Complete 
|  83|0x00000000a7500000, 0x00000000a7600000, 0x00000000a7600000|100%|HS|  |TAMS 0x00000000a7600000, 0x00000000a7500000| Complete 
|  84|0x00000000a7600000, 0x00000000a7700000, 0x00000000a7700000|100%|HC|  |TAMS 0x00000000a7700000, 0x00000000a7600000| Complete 
|  85|0x00000000a7700000, 0x00000000a7800000, 0x00000000a7800000|100%|HC|  |TAMS 0x00000000a7800000, 0x00000000a7700000| Complete 
|  86|0x00000000a7800000, 0x00000000a7900000, 0x00000000a7900000|100%|HC|  |TAMS 0x00000000a7900000, 0x00000000a7800000| Complete 
|  87|0x00000000a7900000, 0x00000000a7a00000, 0x00000000a7a00000|100%|HC|  |TAMS 0x00000000a7a00000, 0x00000000a7900000| Complete 
|  88|0x00000000a7a00000, 0x00000000a7b00000, 0x00000000a7b00000|100%|HC|  |TAMS 0x00000000a7b00000, 0x00000000a7a00000| Complete 
|  89|0x00000000a7b00000, 0x00000000a7c00000, 0x00000000a7c00000|100%|HC|  |TAMS 0x00000000a7c00000, 0x00000000a7b00000| Complete 
|  90|0x00000000a7c00000, 0x00000000a7d00000, 0x00000000a7d00000|100%|HC|  |TAMS 0x00000000a7d00000, 0x00000000a7c00000| Complete 
|  91|0x00000000a7d00000, 0x00000000a7e00000, 0x00000000a7e00000|100%|HC|  |TAMS 0x00000000a7e00000, 0x00000000a7d00000| Complete 
|  92|0x00000000a7e00000, 0x00000000a7f00000, 0x00000000a7f00000|100%|HC|  |TAMS 0x00000000a7f00000, 0x00000000a7e00000| Complete 
|  93|0x00000000a7f00000, 0x00000000a8000000, 0x00000000a8000000|100%|HC|  |TAMS 0x00000000a8000000, 0x00000000a7f00000| Complete 
|  94|0x00000000a8000000, 0x00000000a8100000, 0x00000000a8100000|100%|HC|  |TAMS 0x00000000a8100000, 0x00000000a8000000| Complete 
|  95|0x00000000a8100000, 0x00000000a8200000, 0x00000000a8200000|100%|HS|  |TAMS 0x00000000a8100000, 0x00000000a8100000| Complete 
|  96|0x00000000a8200000, 0x00000000a8300000, 0x00000000a8300000|100%|HC|  |TAMS 0x00000000a8200000, 0x00000000a8200000| Complete 
|  97|0x00000000a8300000, 0x00000000a8400000, 0x00000000a8400000|100%|HS|  |TAMS 0x00000000a8400000, 0x00000000a8300000| Complete 
|  98|0x00000000a8400000, 0x00000000a8500000, 0x00000000a8500000|100%|HC|  |TAMS 0x00000000a8500000, 0x00000000a8400000| Complete 
|  99|0x00000000a8500000, 0x00000000a8600000, 0x00000000a8600000|100%|HC|  |TAMS 0x00000000a8600000, 0x00000000a8500000| Complete 
| 100|0x00000000a8600000, 0x00000000a8700000, 0x00000000a8700000|100%|HC|  |TAMS 0x00000000a8700000, 0x00000000a8600000| Complete 
| 101|0x00000000a8700000, 0x00000000a8800000, 0x00000000a8800000|100%|HS|  |TAMS 0x00000000a8800000, 0x00000000a8700000| Complete 
| 102|0x00000000a8800000, 0x00000000a8900000, 0x00000000a8900000|100%|HC|  |TAMS 0x00000000a8900000, 0x00000000a8800000| Complete 
| 103|0x00000000a8900000, 0x00000000a8a00000, 0x00000000a8a00000|100%|HC|  |TAMS 0x00000000a8a00000, 0x00000000a8900000| Complete 
| 104|0x00000000a8a00000, 0x00000000a8b00000, 0x00000000a8b00000|100%|HC|  |TAMS 0x00000000a8b00000, 0x00000000a8a00000| Complete 
| 105|0x00000000a8b00000, 0x00000000a8c00000, 0x00000000a8c00000|100%| O|  |TAMS 0x00000000a8c00000, 0x00000000a8b00000| Untracked 
| 106|0x00000000a8c00000, 0x00000000a8d00000, 0x00000000a8d00000|100%| O|  |TAMS 0x00000000a8d00000, 0x00000000a8c00000| Untracked 
| 107|0x00000000a8d00000, 0x00000000a8e00000, 0x00000000a8e00000|100%| O|  |TAMS 0x00000000a8e00000, 0x00000000a8d00000| Untracked 
| 108|0x00000000a8e00000, 0x00000000a8ebd400, 0x00000000a8f00000| 73%| O|  |TAMS 0x00000000a8ebd400, 0x00000000a8e00000| Untracked 
| 109|0x00000000a8f00000, 0x00000000a9000000, 0x00000000a9000000|100%|HS|  |TAMS 0x00000000a8f00000, 0x00000000a8f00000| Complete 
| 110|0x00000000a9000000, 0x00000000a9100000, 0x00000000a9100000|100%|HC|  |TAMS 0x00000000a9000000, 0x00000000a9000000| Complete 
| 111|0x00000000a9100000, 0x00000000a9200000, 0x00000000a9200000|100%|HC|  |TAMS 0x00000000a9100000, 0x00000000a9100000| Complete 
| 112|0x00000000a9200000, 0x00000000a9300000, 0x00000000a9300000|100%|HC|  |TAMS 0x00000000a9200000, 0x00000000a9200000| Complete 
| 113|0x00000000a9300000, 0x00000000a9400000, 0x00000000a9400000|100%|HC|  |TAMS 0x00000000a9300000, 0x00000000a9300000| Complete 
| 114|0x00000000a9400000, 0x00000000a9500000, 0x00000000a9500000|100%|HC|  |TAMS 0x00000000a9400000, 0x00000000a9400000| Complete 
| 115|0x00000000a9500000, 0x00000000a9600000, 0x00000000a9600000|100%|HC|  |TAMS 0x00000000a9500000, 0x00000000a9500000| Complete 
| 116|0x00000000a9600000, 0x00000000a9700000, 0x00000000a9700000|100%|HC|  |TAMS 0x00000000a9600000, 0x00000000a9600000| Complete 
| 117|0x00000000a9700000, 0x00000000a9800000, 0x00000000a9800000|100%|HC|  |TAMS 0x00000000a9700000, 0x00000000a9700000| Complete 
| 118|0x00000000a9800000, 0x00000000a9900000, 0x00000000a9900000|100%|HC|  |TAMS 0x00000000a9800000, 0x00000000a9800000| Complete 
| 119|0x00000000a9900000, 0x00000000a9a00000, 0x00000000a9a00000|100%|HC|  |TAMS 0x00000000a9900000, 0x00000000a9900000| Complete 
| 120|0x00000000a9a00000, 0x00000000a9b00000, 0x00000000a9b00000|100%|HC|  |TAMS 0x00000000a9a00000, 0x00000000a9a00000| Complete 
| 121|0x00000000a9b00000, 0x00000000a9c00000, 0x00000000a9c00000|100%|HC|  |TAMS 0x00000000a9b00000, 0x00000000a9b00000| Complete 
| 122|0x00000000a9c00000, 0x00000000a9d00000, 0x00000000a9d00000|100%|HC|  |TAMS 0x00000000a9c00000, 0x00000000a9c00000| Complete 
| 123|0x00000000a9d00000, 0x00000000a9e00000, 0x00000000a9e00000|100%|HC|  |TAMS 0x00000000a9d00000, 0x00000000a9d00000| Complete 
| 124|0x00000000a9e00000, 0x00000000a9f00000, 0x00000000a9f00000|100%|HC|  |TAMS 0x00000000a9e00000, 0x00000000a9e00000| Complete 
| 125|0x00000000a9f00000, 0x00000000aa000000, 0x00000000aa000000|100%|HC|  |TAMS 0x00000000a9f00000, 0x00000000a9f00000| Complete 
| 126|0x00000000aa000000, 0x00000000aa100000, 0x00000000aa100000|100%|HC|  |TAMS 0x00000000aa000000, 0x00000000aa000000| Complete 
| 127|0x00000000aa100000, 0x00000000aa200000, 0x00000000aa200000|100%|HC|  |TAMS 0x00000000aa100000, 0x00000000aa100000| Complete 
| 128|0x00000000aa200000, 0x00000000aa300000, 0x00000000aa300000|100%|HC|  |TAMS 0x00000000aa200000, 0x00000000aa200000| Complete 
| 129|0x00000000aa300000, 0x00000000aa400000, 0x00000000aa400000|100%|HC|  |TAMS 0x00000000aa300000, 0x00000000aa300000| Complete 
| 130|0x00000000aa400000, 0x00000000aa500000, 0x00000000aa500000|100%|HC|  |TAMS 0x00000000aa400000, 0x00000000aa400000| Complete 
| 131|0x00000000aa500000, 0x00000000aa600000, 0x00000000aa600000|100%|HC|  |TAMS 0x00000000aa500000, 0x00000000aa500000| Complete 
| 132|0x00000000aa600000, 0x00000000aa700000, 0x00000000aa700000|100%|HC|  |TAMS 0x00000000aa600000, 0x00000000aa600000| Complete 
| 133|0x00000000aa700000, 0x00000000aa800000, 0x00000000aa800000|100%|HC|  |TAMS 0x00000000aa700000, 0x00000000aa700000| Complete 
| 134|0x00000000aa800000, 0x00000000aa900000, 0x00000000aa900000|100%|HC|  |TAMS 0x00000000aa800000, 0x00000000aa800000| Complete 
| 135|0x00000000aa900000, 0x00000000aaa00000, 0x00000000aaa00000|100%|HC|  |TAMS 0x00000000aa900000, 0x00000000aa900000| Complete 
| 136|0x00000000aaa00000, 0x00000000aab00000, 0x00000000aab00000|100%|HC|  |TAMS 0x00000000aaa00000, 0x00000000aaa00000| Complete 
| 137|0x00000000aab00000, 0x00000000aac00000, 0x00000000aac00000|100%|HC|  |TAMS 0x00000000aab00000, 0x00000000aab00000| Complete 
| 138|0x00000000aac00000, 0x00000000aad00000, 0x00000000aad00000|100%|HC|  |TAMS 0x00000000aac00000, 0x00000000aac00000| Complete 
| 139|0x00000000aad00000, 0x00000000aae00000, 0x00000000aae00000|100%|HC|  |TAMS 0x00000000aad00000, 0x00000000aad00000| Complete 
| 140|0x00000000aae00000, 0x00000000aaf00000, 0x00000000aaf00000|100%|HC|  |TAMS 0x00000000aae00000, 0x00000000aae00000| Complete 
| 141|0x00000000aaf00000, 0x00000000ab000000, 0x00000000ab000000|100%|HC|  |TAMS 0x00000000aaf00000, 0x00000000aaf00000| Complete 
| 142|0x00000000ab000000, 0x00000000ab100000, 0x00000000ab100000|100%|HC|  |TAMS 0x00000000ab000000, 0x00000000ab000000| Complete 
| 143|0x00000000ab100000, 0x00000000ab200000, 0x00000000ab200000|100%|HC|  |TAMS 0x00000000ab100000, 0x00000000ab100000| Complete 
| 144|0x00000000ab200000, 0x00000000ab300000, 0x00000000ab300000|100%|HC|  |TAMS 0x00000000ab200000, 0x00000000ab200000| Complete 
| 145|0x00000000ab300000, 0x00000000ab400000, 0x00000000ab400000|100%|HC|  |TAMS 0x00000000ab300000, 0x00000000ab300000| Complete 
| 146|0x00000000ab400000, 0x00000000ab500000, 0x00000000ab500000|100%|HS|  |TAMS 0x00000000ab400000, 0x00000000ab400000| Complete 
| 147|0x00000000ab500000, 0x00000000ab600000, 0x00000000ab600000|100%|HC|  |TAMS 0x00000000ab500000, 0x00000000ab500000| Complete 
| 148|0x00000000ab600000, 0x00000000ab700000, 0x00000000ab700000|100%|HC|  |TAMS 0x00000000ab600000, 0x00000000ab600000| Complete 
| 149|0x00000000ab700000, 0x00000000ab800000, 0x00000000ab800000|100%|HC|  |TAMS 0x00000000ab700000, 0x00000000ab700000| Complete 
| 150|0x00000000ab800000, 0x00000000ab900000, 0x00000000ab900000|100%|HC|  |TAMS 0x00000000ab800000, 0x00000000ab800000| Complete 
| 151|0x00000000ab900000, 0x00000000aba00000, 0x00000000aba00000|100%|HC|  |TAMS 0x00000000ab900000, 0x00000000ab900000| Complete 
| 152|0x00000000aba00000, 0x00000000abb00000, 0x00000000abb00000|100%|HC|  |TAMS 0x00000000aba00000, 0x00000000aba00000| Complete 
| 153|0x00000000abb00000, 0x00000000abc00000, 0x00000000abc00000|100%|HC|  |TAMS 0x00000000abb00000, 0x00000000abb00000| Complete 
| 154|0x00000000abc00000, 0x00000000abd00000, 0x00000000abd00000|100%|HC|  |TAMS 0x00000000abc00000, 0x00000000abc00000| Complete 
| 155|0x00000000abd00000, 0x00000000abe00000, 0x00000000abe00000|100%|HC|  |TAMS 0x00000000abd00000, 0x00000000abd00000| Complete 
| 156|0x00000000abe00000, 0x00000000abf00000, 0x00000000abf00000|100%|HC|  |TAMS 0x00000000abe00000, 0x00000000abe00000| Complete 
| 157|0x00000000abf00000, 0x00000000ac000000, 0x00000000ac000000|100%|HC|  |TAMS 0x00000000abf00000, 0x00000000abf00000| Complete 
| 158|0x00000000ac000000, 0x00000000ac100000, 0x00000000ac100000|100%|HC|  |TAMS 0x00000000ac000000, 0x00000000ac000000| Complete 
| 159|0x00000000ac100000, 0x00000000ac200000, 0x00000000ac200000|100%|HC|  |TAMS 0x00000000ac100000, 0x00000000ac100000| Complete 
| 160|0x00000000ac200000, 0x00000000ac300000, 0x00000000ac300000|100%|HC|  |TAMS 0x00000000ac200000, 0x00000000ac200000| Complete 
| 161|0x00000000ac300000, 0x00000000ac400000, 0x00000000ac400000|100%|HC|  |TAMS 0x00000000ac300000, 0x00000000ac300000| Complete 
| 162|0x00000000ac400000, 0x00000000ac500000, 0x00000000ac500000|100%|HC|  |TAMS 0x00000000ac400000, 0x00000000ac400000| Complete 
| 163|0x00000000ac500000, 0x00000000ac600000, 0x00000000ac600000|100%|HC|  |TAMS 0x00000000ac500000, 0x00000000ac500000| Complete 
| 164|0x00000000ac600000, 0x00000000ac700000, 0x00000000ac700000|100%|HC|  |TAMS 0x00000000ac600000, 0x00000000ac600000| Complete 
| 165|0x00000000ac700000, 0x00000000ac800000, 0x00000000ac800000|100%|HC|  |TAMS 0x00000000ac700000, 0x00000000ac700000| Complete 
| 166|0x00000000ac800000, 0x00000000ac900000, 0x00000000ac900000|100%|HC|  |TAMS 0x00000000ac800000, 0x00000000ac800000| Complete 
| 167|0x00000000ac900000, 0x00000000aca00000, 0x00000000aca00000|100%|HC|  |TAMS 0x00000000ac900000, 0x00000000ac900000| Complete 
| 168|0x00000000aca00000, 0x00000000acb00000, 0x00000000acb00000|100%|HC|  |TAMS 0x00000000aca00000, 0x00000000aca00000| Complete 
| 169|0x00000000acb00000, 0x00000000acc00000, 0x00000000acc00000|100%|HC|  |TAMS 0x00000000acb00000, 0x00000000acb00000| Complete 
| 170|0x00000000acc00000, 0x00000000acd00000, 0x00000000acd00000|100%|HC|  |TAMS 0x00000000acc00000, 0x00000000acc00000| Complete 
| 171|0x00000000acd00000, 0x00000000ace00000, 0x00000000ace00000|100%|HC|  |TAMS 0x00000000acd00000, 0x00000000acd00000| Complete 
| 172|0x00000000ace00000, 0x00000000acf00000, 0x00000000acf00000|100%|HC|  |TAMS 0x00000000ace00000, 0x00000000ace00000| Complete 
| 173|0x00000000acf00000, 0x00000000ad000000, 0x00000000ad000000|100%|HC|  |TAMS 0x00000000acf00000, 0x00000000acf00000| Complete 
| 174|0x00000000ad000000, 0x00000000ad100000, 0x00000000ad100000|100%|HC|  |TAMS 0x00000000ad000000, 0x00000000ad000000| Complete 
| 175|0x00000000ad100000, 0x00000000ad200000, 0x00000000ad200000|100%|HC|  |TAMS 0x00000000ad100000, 0x00000000ad100000| Complete 
| 176|0x00000000ad200000, 0x00000000ad300000, 0x00000000ad300000|100%|HC|  |TAMS 0x00000000ad200000, 0x00000000ad200000| Complete 
| 177|0x00000000ad300000, 0x00000000ad400000, 0x00000000ad400000|100%|HC|  |TAMS 0x00000000ad300000, 0x00000000ad300000| Complete 
| 178|0x00000000ad400000, 0x00000000ad500000, 0x00000000ad500000|100%|HS|  |TAMS 0x00000000ad400000, 0x00000000ad400000| Complete 
| 179|0x00000000ad500000, 0x00000000ad600000, 0x00000000ad600000|100%|HC|  |TAMS 0x00000000ad500000, 0x00000000ad500000| Complete 
| 180|0x00000000ad600000, 0x00000000ad700000, 0x00000000ad700000|100%|HC|  |TAMS 0x00000000ad600000, 0x00000000ad600000| Complete 
| 181|0x00000000ad700000, 0x00000000ad800000, 0x00000000ad800000|100%|HC|  |TAMS 0x00000000ad700000, 0x00000000ad700000| Complete 
| 182|0x00000000ad800000, 0x00000000ad900000, 0x00000000ad900000|100%|HC|  |TAMS 0x00000000ad800000, 0x00000000ad800000| Complete 
| 183|0x00000000ad900000, 0x00000000ada00000, 0x00000000ada00000|100%|HC|  |TAMS 0x00000000ad900000, 0x00000000ad900000| Complete 
| 184|0x00000000ada00000, 0x00000000adb00000, 0x00000000adb00000|100%|HC|  |TAMS 0x00000000ada00000, 0x00000000ada00000| Complete 
| 185|0x00000000adb00000, 0x00000000adc00000, 0x00000000adc00000|100%|HC|  |TAMS 0x00000000adb00000, 0x00000000adb00000| Complete 
| 186|0x00000000adc00000, 0x00000000add00000, 0x00000000add00000|100%|HC|  |TAMS 0x00000000adc00000, 0x00000000adc00000| Complete 
| 187|0x00000000add00000, 0x00000000ade00000, 0x00000000ade00000|100%|HC|  |TAMS 0x00000000add00000, 0x00000000add00000| Complete 
| 188|0x00000000ade00000, 0x00000000adf00000, 0x00000000adf00000|100%|HC|  |TAMS 0x00000000ade00000, 0x00000000ade00000| Complete 
| 189|0x00000000adf00000, 0x00000000ae000000, 0x00000000ae000000|100%|HC|  |TAMS 0x00000000adf00000, 0x00000000adf00000| Complete 
| 190|0x00000000ae000000, 0x00000000ae100000, 0x00000000ae100000|100%|HC|  |TAMS 0x00000000ae000000, 0x00000000ae000000| Complete 
| 191|0x00000000ae100000, 0x00000000ae200000, 0x00000000ae200000|100%|HC|  |TAMS 0x00000000ae100000, 0x00000000ae100000| Complete 
| 192|0x00000000ae200000, 0x00000000ae300000, 0x00000000ae300000|100%|HC|  |TAMS 0x00000000ae200000, 0x00000000ae200000| Complete 
| 193|0x00000000ae300000, 0x00000000ae400000, 0x00000000ae400000|100%|HS|  |TAMS 0x00000000ae300000, 0x00000000ae300000| Complete 
| 194|0x00000000ae400000, 0x00000000ae500000, 0x00000000ae500000|100%|HC|  |TAMS 0x00000000ae400000, 0x00000000ae400000| Complete 
| 195|0x00000000ae500000, 0x00000000ae600000, 0x00000000ae600000|100%|HC|  |TAMS 0x00000000ae500000, 0x00000000ae500000| Complete 
| 196|0x00000000ae600000, 0x00000000ae700000, 0x00000000ae700000|100%|HC|  |TAMS 0x00000000ae600000, 0x00000000ae600000| Complete 
| 197|0x00000000ae700000, 0x00000000ae800000, 0x00000000ae800000|100%|HC|  |TAMS 0x00000000ae700000, 0x00000000ae700000| Complete 
| 198|0x00000000ae800000, 0x00000000ae900000, 0x00000000ae900000|100%|HS|  |TAMS 0x00000000ae800000, 0x00000000ae800000| Complete 
| 199|0x00000000ae900000, 0x00000000aea00000, 0x00000000aea00000|100%|HC|  |TAMS 0x00000000ae900000, 0x00000000ae900000| Complete 
| 200|0x00000000aea00000, 0x00000000aeb00000, 0x00000000aeb00000|100%|HC|  |TAMS 0x00000000aea00000, 0x00000000aea00000| Complete 
| 201|0x00000000aeb00000, 0x00000000aec00000, 0x00000000aec00000|100%|HC|  |TAMS 0x00000000aeb00000, 0x00000000aeb00000| Complete 
| 202|0x00000000aec00000, 0x00000000aed00000, 0x00000000aed00000|100%|HC|  |TAMS 0x00000000aec00000, 0x00000000aec00000| Complete 
| 203|0x00000000aed00000, 0x00000000aee00000, 0x00000000aee00000|100%|HS|  |TAMS 0x00000000aed00000, 0x00000000aed00000| Complete 
| 204|0x00000000aee00000, 0x00000000aef00000, 0x00000000aef00000|100%|HC|  |TAMS 0x00000000aee00000, 0x00000000aee00000| Complete 
| 205|0x00000000aef00000, 0x00000000aefc8a40, 0x00000000af000000| 78%| E|  |TAMS 0x00000000aef00000, 0x00000000aef00000| Complete 
| 206|0x00000000af000000, 0x00000000af0892a0, 0x00000000af100000| 53%| S|CS|TAMS 0x00000000af000000, 0x00000000af000000| Complete 
| 207|0x00000000af100000, 0x00000000af200000, 0x00000000af200000|100%|HS|  |TAMS 0x00000000af100000, 0x00000000af100000| Complete 
| 208|0x00000000af200000, 0x00000000af300000, 0x00000000af300000|100%|HC|  |TAMS 0x00000000af200000, 0x00000000af200000| Complete 
| 209|0x00000000af300000, 0x00000000af400000, 0x00000000af400000|100%|HC|  |TAMS 0x00000000af300000, 0x00000000af300000| Complete 
| 210|0x00000000af400000, 0x00000000af500000, 0x00000000af500000|100%|HC|  |TAMS 0x00000000af400000, 0x00000000af400000| Complete 
| 211|0x00000000af500000, 0x00000000af600000, 0x00000000af600000|100%|HC|  |TAMS 0x00000000af500000, 0x00000000af500000| Complete 
| 212|0x00000000af600000, 0x00000000af700000, 0x00000000af700000|100%|HC|  |TAMS 0x00000000af600000, 0x00000000af600000| Complete 
| 213|0x00000000af700000, 0x00000000af800000, 0x00000000af800000|100%|HC|  |TAMS 0x00000000af700000, 0x00000000af700000| Complete 
| 214|0x00000000af800000, 0x00000000af900000, 0x00000000af900000|100%|HC|  |TAMS 0x00000000af800000, 0x00000000af800000| Complete 
| 215|0x00000000af900000, 0x00000000afa00000, 0x00000000afa00000|100%|HC|  |TAMS 0x00000000af900000, 0x00000000af900000| Complete 
| 216|0x00000000afa00000, 0x00000000afb00000, 0x00000000afb00000|100%|HC|  |TAMS 0x00000000afa00000, 0x00000000afa00000| Complete 
| 217|0x00000000afb00000, 0x00000000afc00000, 0x00000000afc00000|100%|HS|  |TAMS 0x00000000afb00000, 0x00000000afb00000| Complete 
| 218|0x00000000afc00000, 0x00000000afd00000, 0x00000000afd00000|100%|HC|  |TAMS 0x00000000afc00000, 0x00000000afc00000| Complete 
| 219|0x00000000afd00000, 0x00000000afe00000, 0x00000000afe00000|100%|HC|  |TAMS 0x00000000afd00000, 0x00000000afd00000| Complete 
| 220|0x00000000afe00000, 0x00000000aff00000, 0x00000000aff00000|100%|HC|  |TAMS 0x00000000afe00000, 0x00000000afe00000| Complete 
| 221|0x00000000aff00000, 0x00000000b0000000, 0x00000000b0000000|100%|HC|  |TAMS 0x00000000aff00000, 0x00000000aff00000| Complete 
| 222|0x00000000b0000000, 0x00000000b0100000, 0x00000000b0100000|100%|HS|  |TAMS 0x00000000b0000000, 0x00000000b0000000| Complete 
| 223|0x00000000b0100000, 0x00000000b0200000, 0x00000000b0200000|100%|HC|  |TAMS 0x00000000b0100000, 0x00000000b0100000| Complete 
| 224|0x00000000b0200000, 0x00000000b0300000, 0x00000000b0300000|100%|HC|  |TAMS 0x00000000b0200000, 0x00000000b0200000| Complete 
| 225|0x00000000b0300000, 0x00000000b0400000, 0x00000000b0400000|100%|HC|  |TAMS 0x00000000b0300000, 0x00000000b0300000| Complete 
| 226|0x00000000b0400000, 0x00000000b0500000, 0x00000000b0500000|100%|HC|  |TAMS 0x00000000b0400000, 0x00000000b0400000| Complete 
| 227|0x00000000b0500000, 0x00000000b0600000, 0x00000000b0600000|100%|HS|  |TAMS 0x00000000b0500000, 0x00000000b0500000| Complete 
| 228|0x00000000b0600000, 0x00000000b0700000, 0x00000000b0700000|100%|HC|  |TAMS 0x00000000b0600000, 0x00000000b0600000| Complete 
| 229|0x00000000b0700000, 0x00000000b0800000, 0x00000000b0800000|100%|HC|  |TAMS 0x00000000b0700000, 0x00000000b0700000| Complete 
| 230|0x00000000b0800000, 0x00000000b0900000, 0x00000000b0900000|100%|HC|  |TAMS 0x00000000b0800000, 0x00000000b0800000| Complete 
| 231|0x00000000b0900000, 0x00000000b0a00000, 0x00000000b0a00000|100%|HS|  |TAMS 0x00000000b0900000, 0x00000000b0900000| Complete 
| 232|0x00000000b0a00000, 0x00000000b0b00000, 0x00000000b0b00000|100%|HC|  |TAMS 0x00000000b0a00000, 0x00000000b0a00000| Complete 
| 233|0x00000000b0b00000, 0x00000000b0c00000, 0x00000000b0c00000|100%|HC|  |TAMS 0x00000000b0b00000, 0x00000000b0b00000| Complete 
| 234|0x00000000b0c00000, 0x00000000b0d00000, 0x00000000b0d00000|100%|HC|  |TAMS 0x00000000b0c00000, 0x00000000b0c00000| Complete 
| 235|0x00000000b0d00000, 0x00000000b0e00000, 0x00000000b0e00000|100%|HC|  |TAMS 0x00000000b0d00000, 0x00000000b0d00000| Complete 
| 236|0x00000000b0e00000, 0x00000000b0f00000, 0x00000000b0f00000|100%|HC|  |TAMS 0x00000000b0e00000, 0x00000000b0e00000| Complete 
| 237|0x00000000b0f00000, 0x00000000b1000000, 0x00000000b1000000|100%|HC|  |TAMS 0x00000000b0f00000, 0x00000000b0f00000| Complete 
| 238|0x00000000b1000000, 0x00000000b1100000, 0x00000000b1100000|100%|HS|  |TAMS 0x00000000b1000000, 0x00000000b1000000| Complete 
| 239|0x00000000b1100000, 0x00000000b1200000, 0x00000000b1200000|100%|HC|  |TAMS 0x00000000b1100000, 0x00000000b1100000| Complete 
| 240|0x00000000b1200000, 0x00000000b1300000, 0x00000000b1300000|100%|HC|  |TAMS 0x00000000b1200000, 0x00000000b1200000| Complete 
| 241|0x00000000b1300000, 0x00000000b1400000, 0x00000000b1400000|100%|HC|  |TAMS 0x00000000b1300000, 0x00000000b1300000| Complete 
| 242|0x00000000b1400000, 0x00000000b1500000, 0x00000000b1500000|100%|HS|  |TAMS 0x00000000b1400000, 0x00000000b1400000| Complete 
| 243|0x00000000b1500000, 0x00000000b1600000, 0x00000000b1600000|100%|HC|  |TAMS 0x00000000b1500000, 0x00000000b1500000| Complete 
| 244|0x00000000b1600000, 0x00000000b1700000, 0x00000000b1700000|100%|HC|  |TAMS 0x00000000b1600000, 0x00000000b1600000| Complete 
| 245|0x00000000b1700000, 0x00000000b1800000, 0x00000000b1800000|100%|HC|  |TAMS 0x00000000b1700000, 0x00000000b1700000| Complete 
| 246|0x00000000b1800000, 0x00000000b18f51e8, 0x00000000b1900000| 95%| E|  |TAMS 0x00000000b1800000, 0x00000000b1800000| Complete 
| 247|0x00000000b1900000, 0x00000000b1a00000, 0x00000000b1a00000|100%| E|CS|TAMS 0x00000000b1900000, 0x00000000b1900000| Complete 
| 248|0x00000000b1a00000, 0x00000000b1b00000, 0x00000000b1b00000|100%| E|CS|TAMS 0x00000000b1a00000, 0x00000000b1a00000| Complete 
| 249|0x00000000b1b00000, 0x00000000b1c00000, 0x00000000b1c00000|100%| E|CS|TAMS 0x00000000b1b00000, 0x00000000b1b00000| Complete 
| 250|0x00000000b1c00000, 0x00000000b1d00000, 0x00000000b1d00000|100%| E|CS|TAMS 0x00000000b1c00000, 0x00000000b1c00000| Complete 
| 251|0x00000000b1d00000, 0x00000000b1e00000, 0x00000000b1e00000|100%|HS|  |TAMS 0x00000000b1d00000, 0x00000000b1d00000| Complete 
| 252|0x00000000b1e00000, 0x00000000b1f00000, 0x00000000b1f00000|100%|HC|  |TAMS 0x00000000b1e00000, 0x00000000b1e00000| Complete 
| 253|0x00000000b1f00000, 0x00000000b2000000, 0x00000000b2000000|100%|HC|  |TAMS 0x00000000b1f00000, 0x00000000b1f00000| Complete 
| 254|0x00000000b2000000, 0x00000000b2100000, 0x00000000b2100000|100%|HC|  |TAMS 0x00000000b2000000, 0x00000000b2000000| Complete 
| 255|0x00000000b2100000, 0x00000000b2200000, 0x00000000b2200000|100%|HC|  |TAMS 0x00000000b2100000, 0x00000000b2100000| Complete 
| 256|0x00000000b2200000, 0x00000000b2300000, 0x00000000b2300000|100%|HC|  |TAMS 0x00000000b2200000, 0x00000000b2200000| Complete 
| 257|0x00000000b2300000, 0x00000000b2400000, 0x00000000b2400000|100%|HC|  |TAMS 0x00000000b2300000, 0x00000000b2300000| Complete 
| 258|0x00000000b2400000, 0x00000000b2500000, 0x00000000b2500000|100%|HC|  |TAMS 0x00000000b2400000, 0x00000000b2400000| Complete 
| 259|0x00000000b2500000, 0x00000000b2600000, 0x00000000b2600000|100%|HC|  |TAMS 0x00000000b2500000, 0x00000000b2500000| Complete 
| 260|0x00000000b2600000, 0x00000000b2700000, 0x00000000b2700000|100%|HC|  |TAMS 0x00000000b2600000, 0x00000000b2600000| Complete 
| 261|0x00000000b2700000, 0x00000000b2800000, 0x00000000b2800000|100%|HC|  |TAMS 0x00000000b2700000, 0x00000000b2700000| Complete 
| 262|0x00000000b2800000, 0x00000000b2900000, 0x00000000b2900000|100%|HC|  |TAMS 0x00000000b2800000, 0x00000000b2800000| Complete 
| 263|0x00000000b2900000, 0x00000000b2a00000, 0x00000000b2a00000|100%|HC|  |TAMS 0x00000000b2900000, 0x00000000b2900000| Complete 
| 264|0x00000000b2a00000, 0x00000000b2b00000, 0x00000000b2b00000|100%|HC|  |TAMS 0x00000000b2a00000, 0x00000000b2a00000| Complete 
| 265|0x00000000b2b00000, 0x00000000b2c00000, 0x00000000b2c00000|100%|HS|  |TAMS 0x00000000b2b00000, 0x00000000b2b00000| Complete 
| 266|0x00000000b2c00000, 0x00000000b2d00000, 0x00000000b2d00000|100%|HC|  |TAMS 0x00000000b2c00000, 0x00000000b2c00000| Complete 
| 267|0x00000000b2d00000, 0x00000000b2e00000, 0x00000000b2e00000|100%|HC|  |TAMS 0x00000000b2d00000, 0x00000000b2d00000| Complete 
| 268|0x00000000b2e00000, 0x00000000b2f00000, 0x00000000b2f00000|100%|HC|  |TAMS 0x00000000b2e00000, 0x00000000b2e00000| Complete 
| 269|0x00000000b2f00000, 0x00000000b3000000, 0x00000000b3000000|100%|HC|  |TAMS 0x00000000b2f00000, 0x00000000b2f00000| Complete 
| 270|0x00000000b3000000, 0x00000000b3100000, 0x00000000b3100000|100%|HC|  |TAMS 0x00000000b3000000, 0x00000000b3000000| Complete 
| 271|0x00000000b3100000, 0x00000000b3200000, 0x00000000b3200000|100%|HC|  |TAMS 0x00000000b3100000, 0x00000000b3100000| Complete 
| 272|0x00000000b3200000, 0x00000000b3300000, 0x00000000b3300000|100%|HC|  |TAMS 0x00000000b3200000, 0x00000000b3200000| Complete 
| 273|0x00000000b3300000, 0x00000000b3400000, 0x00000000b3400000|100%|HC|  |TAMS 0x00000000b3300000, 0x00000000b3300000| Complete 
| 274|0x00000000b3400000, 0x00000000b3500000, 0x00000000b3500000|100%|HC|  |TAMS 0x00000000b3400000, 0x00000000b3400000| Complete 
| 275|0x00000000b3500000, 0x00000000b3600000, 0x00000000b3600000|100%|HC|  |TAMS 0x00000000b3500000, 0x00000000b3500000| Complete 
| 276|0x00000000b3600000, 0x00000000b3700000, 0x00000000b3700000|100%|HS|  |TAMS 0x00000000b3600000, 0x00000000b3600000| Complete 
| 277|0x00000000b3700000, 0x00000000b3800000, 0x00000000b3800000|100%|HC|  |TAMS 0x00000000b3700000, 0x00000000b3700000| Complete 
| 278|0x00000000b3800000, 0x00000000b3900000, 0x00000000b3900000|100%|HC|  |TAMS 0x00000000b3800000, 0x00000000b3800000| Complete 
| 279|0x00000000b3900000, 0x00000000b3a00000, 0x00000000b3a00000|100%|HC|  |TAMS 0x00000000b3900000, 0x00000000b3900000| Complete 
| 280|0x00000000b3a00000, 0x00000000b3b00000, 0x00000000b3b00000|100%|HC|  |TAMS 0x00000000b3a00000, 0x00000000b3a00000| Complete 
| 281|0x00000000b3b00000, 0x00000000b3c00000, 0x00000000b3c00000|100%|HC|  |TAMS 0x00000000b3b00000, 0x00000000b3b00000| Complete 
| 282|0x00000000b3c00000, 0x00000000b3d00000, 0x00000000b3d00000|100%|HC|  |TAMS 0x00000000b3c00000, 0x00000000b3c00000| Complete 
| 283|0x00000000b3d00000, 0x00000000b3e00000, 0x00000000b3e00000|100%|HC|  |TAMS 0x00000000b3d00000, 0x00000000b3d00000| Complete 
| 284|0x00000000b3e00000, 0x00000000b3f00000, 0x00000000b3f00000|100%|HC|  |TAMS 0x00000000b3e00000, 0x00000000b3e00000| Complete 
| 285|0x00000000b3f00000, 0x00000000b4000000, 0x00000000b4000000|100%|HC|  |TAMS 0x00000000b3f00000, 0x00000000b3f00000| Complete 
| 286|0x00000000b4000000, 0x00000000b4100000, 0x00000000b4100000|100%|HC|  |TAMS 0x00000000b4000000, 0x00000000b4000000| Complete 
| 287|0x00000000b4100000, 0x00000000b4200000, 0x00000000b4200000|100%|HS|  |TAMS 0x00000000b4100000, 0x00000000b4100000| Complete 
| 288|0x00000000b4200000, 0x00000000b4300000, 0x00000000b4300000|100%|HC|  |TAMS 0x00000000b4200000, 0x00000000b4200000| Complete 
| 289|0x00000000b4300000, 0x00000000b4400000, 0x00000000b4400000|100%|HC|  |TAMS 0x00000000b4300000, 0x00000000b4300000| Complete 
| 290|0x00000000b4400000, 0x00000000b4500000, 0x00000000b4500000|100%|HC|  |TAMS 0x00000000b4400000, 0x00000000b4400000| Complete 
| 291|0x00000000b4500000, 0x00000000b4600000, 0x00000000b4600000|100%|HC|  |TAMS 0x00000000b4500000, 0x00000000b4500000| Complete 
| 292|0x00000000b4600000, 0x00000000b4700000, 0x00000000b4700000|100%|HC|  |TAMS 0x00000000b4600000, 0x00000000b4600000| Complete 
| 293|0x00000000b4700000, 0x00000000b4800000, 0x00000000b4800000|100%|HC|  |TAMS 0x00000000b4700000, 0x00000000b4700000| Complete 
| 294|0x00000000b4800000, 0x00000000b4900000, 0x00000000b4900000|100%|HC|  |TAMS 0x00000000b4800000, 0x00000000b4800000| Complete 
| 295|0x00000000b4900000, 0x00000000b4a00000, 0x00000000b4a00000|100%|HC|  |TAMS 0x00000000b4900000, 0x00000000b4900000| Complete 
| 296|0x00000000b4a00000, 0x00000000b4b00000, 0x00000000b4b00000|100%|HC|  |TAMS 0x00000000b4a00000, 0x00000000b4a00000| Complete 
| 297|0x00000000b4b00000, 0x00000000b4c00000, 0x00000000b4c00000|100%|HC|  |TAMS 0x00000000b4b00000, 0x00000000b4b00000| Complete 
| 298|0x00000000b4c00000, 0x00000000b4d00000, 0x00000000b4d00000|100%|HC|  |TAMS 0x00000000b4c00000, 0x00000000b4c00000| Complete 
| 299|0x00000000b4d00000, 0x00000000b4e00000, 0x00000000b4e00000|100%|HC|  |TAMS 0x00000000b4d00000, 0x00000000b4d00000| Complete 
| 300|0x00000000b4e00000, 0x00000000b4f00000, 0x00000000b4f00000|100%|HC|  |TAMS 0x00000000b4e00000, 0x00000000b4e00000| Complete 
| 301|0x00000000b4f00000, 0x00000000b5000000, 0x00000000b5000000|100%|HC|  |TAMS 0x00000000b4f00000, 0x00000000b4f00000| Complete 
| 302|0x00000000b5000000, 0x00000000b5100000, 0x00000000b5100000|100%|HC|  |TAMS 0x00000000b5000000, 0x00000000b5000000| Complete 
| 303|0x00000000b5100000, 0x00000000b5200000, 0x00000000b5200000|100%|HC|  |TAMS 0x00000000b5100000, 0x00000000b5100000| Complete 
| 304|0x00000000b5200000, 0x00000000b5300000, 0x00000000b5300000|100%|HC|  |TAMS 0x00000000b5200000, 0x00000000b5200000| Complete 
| 305|0x00000000b5300000, 0x00000000b5400000, 0x00000000b5400000|100%|HC|  |TAMS 0x00000000b5300000, 0x00000000b5300000| Complete 
| 306|0x00000000b5400000, 0x00000000b5500000, 0x00000000b5500000|100%|HC|  |TAMS 0x00000000b5400000, 0x00000000b5400000| Complete 
| 307|0x00000000b5500000, 0x00000000b5600000, 0x00000000b5600000|100%|HC|  |TAMS 0x00000000b5500000, 0x00000000b5500000| Complete 
| 308|0x00000000b5600000, 0x00000000b5700000, 0x00000000b5700000|100%|HC|  |TAMS 0x00000000b5600000, 0x00000000b5600000| Complete 
| 309|0x00000000b5700000, 0x00000000b5800000, 0x00000000b5800000|100%| E|CS|TAMS 0x00000000b5700000, 0x00000000b5700000| Complete 
| 310|0x00000000b5800000, 0x00000000b5900000, 0x00000000b5900000|100%| E|CS|TAMS 0x00000000b5800000, 0x00000000b5800000| Complete 
| 311|0x00000000b5900000, 0x00000000b5a00000, 0x00000000b5a00000|100%| E|CS|TAMS 0x00000000b5900000, 0x00000000b5900000| Complete 
| 312|0x00000000b5a00000, 0x00000000b5b00000, 0x00000000b5b00000|100%| E|CS|TAMS 0x00000000b5a00000, 0x00000000b5a00000| Complete 
| 313|0x00000000b5b00000, 0x00000000b5c00000, 0x00000000b5c00000|100%| E|CS|TAMS 0x00000000b5b00000, 0x00000000b5b00000| Complete 
| 314|0x00000000b5c00000, 0x00000000b5d00000, 0x00000000b5d00000|100%|HS|  |TAMS 0x00000000b5c00000, 0x00000000b5c00000| Complete 
| 315|0x00000000b5d00000, 0x00000000b5e00000, 0x00000000b5e00000|100%|HC|  |TAMS 0x00000000b5d00000, 0x00000000b5d00000| Complete 
| 316|0x00000000b5e00000, 0x00000000b5f00000, 0x00000000b5f00000|100%|HC|  |TAMS 0x00000000b5e00000, 0x00000000b5e00000| Complete 
| 317|0x00000000b5f00000, 0x00000000b6000000, 0x00000000b6000000|100%|HC|  |TAMS 0x00000000b5f00000, 0x00000000b5f00000| Complete 
| 318|0x00000000b6000000, 0x00000000b6100000, 0x00000000b6100000|100%|HC|  |TAMS 0x00000000b6000000, 0x00000000b6000000| Complete 
| 319|0x00000000b6100000, 0x00000000b6200000, 0x00000000b6200000|100%|HC|  |TAMS 0x00000000b6100000, 0x00000000b6100000| Complete 
| 320|0x00000000b6200000, 0x00000000b6300000, 0x00000000b6300000|100%|HC|  |TAMS 0x00000000b6200000, 0x00000000b6200000| Complete 
| 321|0x00000000b6300000, 0x00000000b6400000, 0x00000000b6400000|100%|HC|  |TAMS 0x00000000b6300000, 0x00000000b6300000| Complete 
| 322|0x00000000b6400000, 0x00000000b6500000, 0x00000000b6500000|100%|HC|  |TAMS 0x00000000b6400000, 0x00000000b6400000| Complete 
| 323|0x00000000b6500000, 0x00000000b6600000, 0x00000000b6600000|100%|HC|  |TAMS 0x00000000b6500000, 0x00000000b6500000| Complete 
| 324|0x00000000b6600000, 0x00000000b6700000, 0x00000000b6700000|100%|HC|  |TAMS 0x00000000b6600000, 0x00000000b6600000| Complete 
| 325|0x00000000b6700000, 0x00000000b6800000, 0x00000000b6800000|100%|HS|  |TAMS 0x00000000b6700000, 0x00000000b6700000| Complete 
| 326|0x00000000b6800000, 0x00000000b6900000, 0x00000000b6900000|100%|HC|  |TAMS 0x00000000b6800000, 0x00000000b6800000| Complete 
| 327|0x00000000b6900000, 0x00000000b6a00000, 0x00000000b6a00000|100%|HC|  |TAMS 0x00000000b6900000, 0x00000000b6900000| Complete 
| 328|0x00000000b6a00000, 0x00000000b6b00000, 0x00000000b6b00000|100%|HC|  |TAMS 0x00000000b6a00000, 0x00000000b6a00000| Complete 
| 329|0x00000000b6b00000, 0x00000000b6c00000, 0x00000000b6c00000|100%|HC|  |TAMS 0x00000000b6b00000, 0x00000000b6b00000| Complete 
| 330|0x00000000b6c00000, 0x00000000b6d00000, 0x00000000b6d00000|100%|HC|  |TAMS 0x00000000b6c00000, 0x00000000b6c00000| Complete 
| 331|0x00000000b6d00000, 0x00000000b6e00000, 0x00000000b6e00000|100%|HC|  |TAMS 0x00000000b6d00000, 0x00000000b6d00000| Complete 
| 332|0x00000000b6e00000, 0x00000000b6f00000, 0x00000000b6f00000|100%|HC|  |TAMS 0x00000000b6e00000, 0x00000000b6e00000| Complete 
| 333|0x00000000b6f00000, 0x00000000b7000000, 0x00000000b7000000|100%|HC|  |TAMS 0x00000000b6f00000, 0x00000000b6f00000| Complete 
| 334|0x00000000b7000000, 0x00000000b7100000, 0x00000000b7100000|100%|HC|  |TAMS 0x00000000b7000000, 0x00000000b7000000| Complete 
| 335|0x00000000b7100000, 0x00000000b7200000, 0x00000000b7200000|100%|HC|  |TAMS 0x00000000b7100000, 0x00000000b7100000| Complete 
| 336|0x00000000b7200000, 0x00000000b7300000, 0x00000000b7300000|100%|HS|  |TAMS 0x00000000b7200000, 0x00000000b7200000| Complete 
| 337|0x00000000b7300000, 0x00000000b7400000, 0x00000000b7400000|100%|HC|  |TAMS 0x00000000b7300000, 0x00000000b7300000| Complete 
| 338|0x00000000b7400000, 0x00000000b7500000, 0x00000000b7500000|100%|HC|  |TAMS 0x00000000b7400000, 0x00000000b7400000| Complete 
| 339|0x00000000b7500000, 0x00000000b7600000, 0x00000000b7600000|100%|HC|  |TAMS 0x00000000b7500000, 0x00000000b7500000| Complete 
| 340|0x00000000b7600000, 0x00000000b7700000, 0x00000000b7700000|100%|HC|  |TAMS 0x00000000b7600000, 0x00000000b7600000| Complete 
| 341|0x00000000b7700000, 0x00000000b7800000, 0x00000000b7800000|100%|HC|  |TAMS 0x00000000b7700000, 0x00000000b7700000| Complete 
| 342|0x00000000b7800000, 0x00000000b7900000, 0x00000000b7900000|100%|HC|  |TAMS 0x00000000b7800000, 0x00000000b7800000| Complete 
| 343|0x00000000b7900000, 0x00000000b7a00000, 0x00000000b7a00000|100%|HS|  |TAMS 0x00000000b7900000, 0x00000000b7900000| Complete 
| 344|0x00000000b7a00000, 0x00000000b7b00000, 0x00000000b7b00000|100%|HC|  |TAMS 0x00000000b7a00000, 0x00000000b7a00000| Complete 
| 345|0x00000000b7b00000, 0x00000000b7c00000, 0x00000000b7c00000|100%|HC|  |TAMS 0x00000000b7b00000, 0x00000000b7b00000| Complete 
| 346|0x00000000b7c00000, 0x00000000b7d00000, 0x00000000b7d00000|100%|HC|  |TAMS 0x00000000b7c00000, 0x00000000b7c00000| Complete 
| 347|0x00000000b7d00000, 0x00000000b7e00000, 0x00000000b7e00000|100%|HC|  |TAMS 0x00000000b7d00000, 0x00000000b7d00000| Complete 
| 348|0x00000000b7e00000, 0x00000000b7f00000, 0x00000000b7f00000|100%|HC|  |TAMS 0x00000000b7e00000, 0x00000000b7e00000| Complete 
| 349|0x00000000b7f00000, 0x00000000b8000000, 0x00000000b8000000|100%|HC|  |TAMS 0x00000000b7f00000, 0x00000000b7f00000| Complete 
| 350|0x00000000b8000000, 0x00000000b8100000, 0x00000000b8100000|100%|HC|  |TAMS 0x00000000b8000000, 0x00000000b8000000| Complete 
| 351|0x00000000b8100000, 0x00000000b8200000, 0x00000000b8200000|100%|HC|  |TAMS 0x00000000b8100000, 0x00000000b8100000| Complete 
| 352|0x00000000b8200000, 0x00000000b8300000, 0x00000000b8300000|100%|HC|  |TAMS 0x00000000b8200000, 0x00000000b8200000| Complete 
| 353|0x00000000b8300000, 0x00000000b8400000, 0x00000000b8400000|100%|HC|  |TAMS 0x00000000b8300000, 0x00000000b8300000| Complete 
| 354|0x00000000b8400000, 0x00000000b8500000, 0x00000000b8500000|100%|HC|  |TAMS 0x00000000b8400000, 0x00000000b8400000| Complete 
| 355|0x00000000b8500000, 0x00000000b8600000, 0x00000000b8600000|100%|HC|  |TAMS 0x00000000b8500000, 0x00000000b8500000| Complete 
| 356|0x00000000b8600000, 0x00000000b8700000, 0x00000000b8700000|100%|HC|  |TAMS 0x00000000b8600000, 0x00000000b8600000| Complete 
| 357|0x00000000b8700000, 0x00000000b8800000, 0x00000000b8800000|100%|HS|  |TAMS 0x00000000b8700000, 0x00000000b8700000| Complete 
| 358|0x00000000b8800000, 0x00000000b8900000, 0x00000000b8900000|100%|HC|  |TAMS 0x00000000b8800000, 0x00000000b8800000| Complete 
| 359|0x00000000b8900000, 0x00000000b8a00000, 0x00000000b8a00000|100%|HC|  |TAMS 0x00000000b8900000, 0x00000000b8900000| Complete 
| 360|0x00000000b8a00000, 0x00000000b8b00000, 0x00000000b8b00000|100%|HC|  |TAMS 0x00000000b8a00000, 0x00000000b8a00000| Complete 
| 361|0x00000000b8b00000, 0x00000000b8c00000, 0x00000000b8c00000|100%|HC|  |TAMS 0x00000000b8b00000, 0x00000000b8b00000| Complete 
| 362|0x00000000b8c00000, 0x00000000b8d00000, 0x00000000b8d00000|100%|HC|  |TAMS 0x00000000b8c00000, 0x00000000b8c00000| Complete 
| 363|0x00000000b8d00000, 0x00000000b8e00000, 0x00000000b8e00000|100%|HC|  |TAMS 0x00000000b8d00000, 0x00000000b8d00000| Complete 
| 364|0x00000000b8e00000, 0x00000000b8f00000, 0x00000000b8f00000|100%|HC|  |TAMS 0x00000000b8e00000, 0x00000000b8e00000| Complete 
| 365|0x00000000b8f00000, 0x00000000b9000000, 0x00000000b9000000|100%|HC|  |TAMS 0x00000000b8f00000, 0x00000000b8f00000| Complete 
| 366|0x00000000b9000000, 0x00000000b9100000, 0x00000000b9100000|100%|HC|  |TAMS 0x00000000b9000000, 0x00000000b9000000| Complete 
| 367|0x00000000b9100000, 0x00000000b9200000, 0x00000000b9200000|100%|HC|  |TAMS 0x00000000b9100000, 0x00000000b9100000| Complete 
| 368|0x00000000b9200000, 0x00000000b9300000, 0x00000000b9300000|100%|HC|  |TAMS 0x00000000b9200000, 0x00000000b9200000| Complete 
| 369|0x00000000b9300000, 0x00000000b9400000, 0x00000000b9400000|100%|HC|  |TAMS 0x00000000b9300000, 0x00000000b9300000| Complete 
| 370|0x00000000b9400000, 0x00000000b9500000, 0x00000000b9500000|100%|HC|  |TAMS 0x00000000b9400000, 0x00000000b9400000| Complete 
| 371|0x00000000b9500000, 0x00000000b9600000, 0x00000000b9600000|100%|HC|  |TAMS 0x00000000b9500000, 0x00000000b9500000| Complete 
| 372|0x00000000b9600000, 0x00000000b9700000, 0x00000000b9700000|100%|HC|  |TAMS 0x00000000b9600000, 0x00000000b9600000| Complete 
| 373|0x00000000b9700000, 0x00000000b9800000, 0x00000000b9800000|100%|HC|  |TAMS 0x00000000b9700000, 0x00000000b9700000| Complete 
| 374|0x00000000b9800000, 0x00000000b9900000, 0x00000000b9900000|100%|HC|  |TAMS 0x00000000b9800000, 0x00000000b9800000| Complete 
| 375|0x00000000b9900000, 0x00000000b9a00000, 0x00000000b9a00000|100%|HC|  |TAMS 0x00000000b9900000, 0x00000000b9900000| Complete 
| 376|0x00000000b9a00000, 0x00000000b9b00000, 0x00000000b9b00000|100%|HC|  |TAMS 0x00000000b9a00000, 0x00000000b9a00000| Complete 
| 377|0x00000000b9b00000, 0x00000000b9c00000, 0x00000000b9c00000|100%|HC|  |TAMS 0x00000000b9b00000, 0x00000000b9b00000| Complete 
| 378|0x00000000b9c00000, 0x00000000b9d00000, 0x00000000b9d00000|100%|HC|  |TAMS 0x00000000b9c00000, 0x00000000b9c00000| Complete 
| 379|0x00000000b9d00000, 0x00000000b9e00000, 0x00000000b9e00000|100%|HC|  |TAMS 0x00000000b9d00000, 0x00000000b9d00000| Complete 
| 380|0x00000000b9e00000, 0x00000000b9f00000, 0x00000000b9f00000|100%|HC|  |TAMS 0x00000000b9e00000, 0x00000000b9e00000| Complete 
| 381|0x00000000b9f00000, 0x00000000ba000000, 0x00000000ba000000|100%|HC|  |TAMS 0x00000000b9f00000, 0x00000000b9f00000| Complete 
| 382|0x00000000ba000000, 0x00000000ba100000, 0x00000000ba100000|100%|HC|  |TAMS 0x00000000ba000000, 0x00000000ba000000| Complete 
| 383|0x00000000ba100000, 0x00000000ba200000, 0x00000000ba200000|100%|HC|  |TAMS 0x00000000ba100000, 0x00000000ba100000| Complete 
| 384|0x00000000ba200000, 0x00000000ba300000, 0x00000000ba300000|100%|HS|  |TAMS 0x00000000ba200000, 0x00000000ba200000| Complete 
| 385|0x00000000ba300000, 0x00000000ba400000, 0x00000000ba400000|100%|HC|  |TAMS 0x00000000ba300000, 0x00000000ba300000| Complete 
| 386|0x00000000ba400000, 0x00000000ba500000, 0x00000000ba500000|100%|HC|  |TAMS 0x00000000ba400000, 0x00000000ba400000| Complete 
| 387|0x00000000ba500000, 0x00000000ba600000, 0x00000000ba600000|100%|HC|  |TAMS 0x00000000ba500000, 0x00000000ba500000| Complete 
| 388|0x00000000ba600000, 0x00000000ba700000, 0x00000000ba700000|100%|HC|  |TAMS 0x00000000ba600000, 0x00000000ba600000| Complete 
| 389|0x00000000ba700000, 0x00000000ba800000, 0x00000000ba800000|100%|HC|  |TAMS 0x00000000ba700000, 0x00000000ba700000| Complete 
| 390|0x00000000ba800000, 0x00000000ba900000, 0x00000000ba900000|100%|HC|  |TAMS 0x00000000ba800000, 0x00000000ba800000| Complete 
| 391|0x00000000ba900000, 0x00000000baa00000, 0x00000000baa00000|100%|HC|  |TAMS 0x00000000ba900000, 0x00000000ba900000| Complete 
| 392|0x00000000baa00000, 0x00000000bab00000, 0x00000000bab00000|100%|HC|  |TAMS 0x00000000baa00000, 0x00000000baa00000| Complete 
| 393|0x00000000bab00000, 0x00000000bac00000, 0x00000000bac00000|100%|HC|  |TAMS 0x00000000bab00000, 0x00000000bab00000| Complete 
| 394|0x00000000bac00000, 0x00000000bad00000, 0x00000000bad00000|100%|HC|  |TAMS 0x00000000bac00000, 0x00000000bac00000| Complete 
| 395|0x00000000bad00000, 0x00000000bae00000, 0x00000000bae00000|100%|HC|  |TAMS 0x00000000bad00000, 0x00000000bad00000| Complete 
| 396|0x00000000bae00000, 0x00000000baf00000, 0x00000000baf00000|100%|HC|  |TAMS 0x00000000bae00000, 0x00000000bae00000| Complete 
| 397|0x00000000baf00000, 0x00000000bb000000, 0x00000000bb000000|100%|HC|  |TAMS 0x00000000baf00000, 0x00000000baf00000| Complete 
| 398|0x00000000bb000000, 0x00000000bb100000, 0x00000000bb100000|100%|HC|  |TAMS 0x00000000bb000000, 0x00000000bb000000| Complete 
| 399|0x00000000bb100000, 0x00000000bb200000, 0x00000000bb200000|100%|HC|  |TAMS 0x00000000bb100000, 0x00000000bb100000| Complete 
| 400|0x00000000bb200000, 0x00000000bb300000, 0x00000000bb300000|100%|HC|  |TAMS 0x00000000bb200000, 0x00000000bb200000| Complete 
| 401|0x00000000bb300000, 0x00000000bb400000, 0x00000000bb400000|100%|HC|  |TAMS 0x00000000bb300000, 0x00000000bb300000| Complete 
| 402|0x00000000bb400000, 0x00000000bb500000, 0x00000000bb500000|100%|HC|  |TAMS 0x00000000bb400000, 0x00000000bb400000| Complete 
| 403|0x00000000bb500000, 0x00000000bb600000, 0x00000000bb600000|100%|HS|  |TAMS 0x00000000bb500000, 0x00000000bb500000| Complete 
| 404|0x00000000bb600000, 0x00000000bb700000, 0x00000000bb700000|100%|HC|  |TAMS 0x00000000bb600000, 0x00000000bb600000| Complete 
| 405|0x00000000bb700000, 0x00000000bb800000, 0x00000000bb800000|100%|HC|  |TAMS 0x00000000bb700000, 0x00000000bb700000| Complete 
| 406|0x00000000bb800000, 0x00000000bb900000, 0x00000000bb900000|100%|HC|  |TAMS 0x00000000bb800000, 0x00000000bb800000| Complete 
| 407|0x00000000bb900000, 0x00000000bba00000, 0x00000000bba00000|100%|HC|  |TAMS 0x00000000bb900000, 0x00000000bb900000| Complete 
| 408|0x00000000bba00000, 0x00000000bbb00000, 0x00000000bbb00000|100%|HC|  |TAMS 0x00000000bba00000, 0x00000000bba00000| Complete 
| 409|0x00000000bbb00000, 0x00000000bbc00000, 0x00000000bbc00000|100%|HC|  |TAMS 0x00000000bbb00000, 0x00000000bbb00000| Complete 
| 410|0x00000000bbc00000, 0x00000000bbd00000, 0x00000000bbd00000|100%|HC|  |TAMS 0x00000000bbc00000, 0x00000000bbc00000| Complete 
| 411|0x00000000bbd00000, 0x00000000bbe00000, 0x00000000bbe00000|100%|HC|  |TAMS 0x00000000bbd00000, 0x00000000bbd00000| Complete 
| 412|0x00000000bbe00000, 0x00000000bbf00000, 0x00000000bbf00000|100%|HC|  |TAMS 0x00000000bbe00000, 0x00000000bbe00000| Complete 
| 413|0x00000000bbf00000, 0x00000000bc000000, 0x00000000bc000000|100%|HC|  |TAMS 0x00000000bbf00000, 0x00000000bbf00000| Complete 
| 414|0x00000000bc000000, 0x00000000bc100000, 0x00000000bc100000|100%|HC|  |TAMS 0x00000000bc000000, 0x00000000bc000000| Complete 
| 415|0x00000000bc100000, 0x00000000bc200000, 0x00000000bc200000|100%|HC|  |TAMS 0x00000000bc100000, 0x00000000bc100000| Complete 
| 416|0x00000000bc200000, 0x00000000bc300000, 0x00000000bc300000|100%|HC|  |TAMS 0x00000000bc200000, 0x00000000bc200000| Complete 
| 417|0x00000000bc300000, 0x00000000bc400000, 0x00000000bc400000|100%|HC|  |TAMS 0x00000000bc300000, 0x00000000bc300000| Complete 
| 418|0x00000000bc400000, 0x00000000bc500000, 0x00000000bc500000|100%|HC|  |TAMS 0x00000000bc400000, 0x00000000bc400000| Complete 
| 419|0x00000000bc500000, 0x00000000bc600000, 0x00000000bc600000|100%|HC|  |TAMS 0x00000000bc500000, 0x00000000bc500000| Complete 
| 420|0x00000000bc600000, 0x00000000bc700000, 0x00000000bc700000|100%|HC|  |TAMS 0x00000000bc600000, 0x00000000bc600000| Complete 
| 421|0x00000000bc700000, 0x00000000bc800000, 0x00000000bc800000|100%|HC|  |TAMS 0x00000000bc700000, 0x00000000bc700000| Complete 
| 422|0x00000000bc800000, 0x00000000bc900000, 0x00000000bc900000|100%|HS|  |TAMS 0x00000000bc800000, 0x00000000bc800000| Complete 
| 423|0x00000000bc900000, 0x00000000bca00000, 0x00000000bca00000|100%|HC|  |TAMS 0x00000000bc900000, 0x00000000bc900000| Complete 
| 424|0x00000000bca00000, 0x00000000bcb00000, 0x00000000bcb00000|100%|HC|  |TAMS 0x00000000bca00000, 0x00000000bca00000| Complete 
| 425|0x00000000bcb00000, 0x00000000bcc00000, 0x00000000bcc00000|100%|HC|  |TAMS 0x00000000bcb00000, 0x00000000bcb00000| Complete 
| 426|0x00000000bcc00000, 0x00000000bcd00000, 0x00000000bcd00000|100%|HC|  |TAMS 0x00000000bcc00000, 0x00000000bcc00000| Complete 
| 427|0x00000000bcd00000, 0x00000000bce00000, 0x00000000bce00000|100%|HC|  |TAMS 0x00000000bcd00000, 0x00000000bcd00000| Complete 
| 428|0x00000000bce00000, 0x00000000bcf00000, 0x00000000bcf00000|100%|HC|  |TAMS 0x00000000bce00000, 0x00000000bce00000| Complete 
| 429|0x00000000bcf00000, 0x00000000bd000000, 0x00000000bd000000|100%|HC|  |TAMS 0x00000000bcf00000, 0x00000000bcf00000| Complete 
| 430|0x00000000bd000000, 0x00000000bd100000, 0x00000000bd100000|100%|HC|  |TAMS 0x00000000bd000000, 0x00000000bd000000| Complete 
| 431|0x00000000bd100000, 0x00000000bd200000, 0x00000000bd200000|100%|HC|  |TAMS 0x00000000bd100000, 0x00000000bd100000| Complete 
| 432|0x00000000bd200000, 0x00000000bd300000, 0x00000000bd300000|100%|HC|  |TAMS 0x00000000bd200000, 0x00000000bd200000| Complete 
| 433|0x00000000bd300000, 0x00000000bd400000, 0x00000000bd400000|100%|HC|  |TAMS 0x00000000bd300000, 0x00000000bd300000| Complete 
| 434|0x00000000bd400000, 0x00000000bd500000, 0x00000000bd500000|100%|HC|  |TAMS 0x00000000bd400000, 0x00000000bd400000| Complete 
| 435|0x00000000bd500000, 0x00000000bd600000, 0x00000000bd600000|100%|HC|  |TAMS 0x00000000bd500000, 0x00000000bd500000| Complete 
| 436|0x00000000bd600000, 0x00000000bd700000, 0x00000000bd700000|100%|HC|  |TAMS 0x00000000bd600000, 0x00000000bd600000| Complete 
| 437|0x00000000bd700000, 0x00000000bd800000, 0x00000000bd800000|100%|HC|  |TAMS 0x00000000bd700000, 0x00000000bd700000| Complete 
| 438|0x00000000bd800000, 0x00000000bd900000, 0x00000000bd900000|100%|HC|  |TAMS 0x00000000bd800000, 0x00000000bd800000| Complete 
| 439|0x00000000bd900000, 0x00000000bda00000, 0x00000000bda00000|100%|HC|  |TAMS 0x00000000bd900000, 0x00000000bd900000| Complete 
| 440|0x00000000bda00000, 0x00000000bdb00000, 0x00000000bdb00000|100%|HC|  |TAMS 0x00000000bda00000, 0x00000000bda00000| Complete 
| 441|0x00000000bdb00000, 0x00000000bdc00000, 0x00000000bdc00000|100%|HC|  |TAMS 0x00000000bdb00000, 0x00000000bdb00000| Complete 
| 442|0x00000000bdc00000, 0x00000000bdd00000, 0x00000000bdd00000|100%|HC|  |TAMS 0x00000000bdc00000, 0x00000000bdc00000| Complete 
| 443|0x00000000bdd00000, 0x00000000bde00000, 0x00000000bde00000|100%|HC|  |TAMS 0x00000000bdd00000, 0x00000000bdd00000| Complete 
| 444|0x00000000bde00000, 0x00000000bdf00000, 0x00000000bdf00000|100%|HC|  |TAMS 0x00000000bde00000, 0x00000000bde00000| Complete 
| 445|0x00000000bdf00000, 0x00000000be000000, 0x00000000be000000|100%|HC|  |TAMS 0x00000000bdf00000, 0x00000000bdf00000| Complete 
| 446|0x00000000be000000, 0x00000000be100000, 0x00000000be100000|100%|HC|  |TAMS 0x00000000be000000, 0x00000000be000000| Complete 
| 447|0x00000000be100000, 0x00000000be200000, 0x00000000be200000|100%|HC|  |TAMS 0x00000000be100000, 0x00000000be100000| Complete 
| 448|0x00000000be200000, 0x00000000be300000, 0x00000000be300000|100%|HC|  |TAMS 0x00000000be200000, 0x00000000be200000| Complete 
| 449|0x00000000be300000, 0x00000000be400000, 0x00000000be400000|100%|HC|  |TAMS 0x00000000be300000, 0x00000000be300000| Complete 
| 450|0x00000000be400000, 0x00000000be500000, 0x00000000be500000|100%|HC|  |TAMS 0x00000000be400000, 0x00000000be400000| Complete 
| 451|0x00000000be500000, 0x00000000be600000, 0x00000000be600000|100%|HC|  |TAMS 0x00000000be500000, 0x00000000be500000| Complete 
| 452|0x00000000be600000, 0x00000000be700000, 0x00000000be700000|100%|HC|  |TAMS 0x00000000be600000, 0x00000000be600000| Complete 
| 453|0x00000000be700000, 0x00000000be800000, 0x00000000be800000|100%|HC|  |TAMS 0x00000000be700000, 0x00000000be700000| Complete 
| 454|0x00000000be800000, 0x00000000be900000, 0x00000000be900000|100%|HC|  |TAMS 0x00000000be800000, 0x00000000be800000| Complete 
| 455|0x00000000be900000, 0x00000000bea00000, 0x00000000bea00000|100%|HC|  |TAMS 0x00000000be900000, 0x00000000be900000| Complete 
| 456|0x00000000bea00000, 0x00000000beb00000, 0x00000000beb00000|100%|HC|  |TAMS 0x00000000bea00000, 0x00000000bea00000| Complete 
| 457|0x00000000beb00000, 0x00000000bec00000, 0x00000000bec00000|100%|HC|  |TAMS 0x00000000beb00000, 0x00000000beb00000| Complete 
| 458|0x00000000bec00000, 0x00000000bed00000, 0x00000000bed00000|100%|HC|  |TAMS 0x00000000bec00000, 0x00000000bec00000| Complete 
| 459|0x00000000bed00000, 0x00000000bee00000, 0x00000000bee00000|100%|HC|  |TAMS 0x00000000bed00000, 0x00000000bed00000| Complete 
| 460|0x00000000bee00000, 0x00000000bef00000, 0x00000000bef00000|100%|HS|  |TAMS 0x00000000bee00000, 0x00000000bee00000| Complete 
| 461|0x00000000bef00000, 0x00000000bf000000, 0x00000000bf000000|100%|HC|  |TAMS 0x00000000bef00000, 0x00000000bef00000| Complete 
| 462|0x00000000bf000000, 0x00000000bf100000, 0x00000000bf100000|100%|HC|  |TAMS 0x00000000bf000000, 0x00000000bf000000| Complete 
| 463|0x00000000bf100000, 0x00000000bf200000, 0x00000000bf200000|100%|HC|  |TAMS 0x00000000bf100000, 0x00000000bf100000| Complete 
| 464|0x00000000bf200000, 0x00000000bf300000, 0x00000000bf300000|100%|HC|  |TAMS 0x00000000bf200000, 0x00000000bf200000| Complete 
| 465|0x00000000bf300000, 0x00000000bf400000, 0x00000000bf400000|100%|HC|  |TAMS 0x00000000bf300000, 0x00000000bf300000| Complete 
| 466|0x00000000bf400000, 0x00000000bf500000, 0x00000000bf500000|100%|HC|  |TAMS 0x00000000bf400000, 0x00000000bf400000| Complete 
| 467|0x00000000bf500000, 0x00000000bf600000, 0x00000000bf600000|100%|HC|  |TAMS 0x00000000bf500000, 0x00000000bf500000| Complete 
| 468|0x00000000bf600000, 0x00000000bf700000, 0x00000000bf700000|100%|HC|  |TAMS 0x00000000bf600000, 0x00000000bf600000| Complete 
| 469|0x00000000bf700000, 0x00000000bf800000, 0x00000000bf800000|100%|HC|  |TAMS 0x00000000bf700000, 0x00000000bf700000| Complete 
| 470|0x00000000bf800000, 0x00000000bf900000, 0x00000000bf900000|100%|HC|  |TAMS 0x00000000bf800000, 0x00000000bf800000| Complete 
| 471|0x00000000bf900000, 0x00000000bfa00000, 0x00000000bfa00000|100%|HC|  |TAMS 0x00000000bf900000, 0x00000000bf900000| Complete 
| 472|0x00000000bfa00000, 0x00000000bfb00000, 0x00000000bfb00000|100%|HC|  |TAMS 0x00000000bfa00000, 0x00000000bfa00000| Complete 
| 473|0x00000000bfb00000, 0x00000000bfc00000, 0x00000000bfc00000|100%|HC|  |TAMS 0x00000000bfb00000, 0x00000000bfb00000| Complete 
| 474|0x00000000bfc00000, 0x00000000bfd00000, 0x00000000bfd00000|100%|HC|  |TAMS 0x00000000bfc00000, 0x00000000bfc00000| Complete 
| 475|0x00000000bfd00000, 0x00000000bfe00000, 0x00000000bfe00000|100%|HC|  |TAMS 0x00000000bfd00000, 0x00000000bfd00000| Complete 
| 476|0x00000000bfe00000, 0x00000000bff00000, 0x00000000bff00000|100%|HC|  |TAMS 0x00000000bfe00000, 0x00000000bfe00000| Complete 
| 477|0x00000000bff00000, 0x00000000c0000000, 0x00000000c0000000|100%|HC|  |TAMS 0x00000000bff00000, 0x00000000bff00000| Complete 
| 478|0x00000000c0000000, 0x00000000c0100000, 0x00000000c0100000|100%|HC|  |TAMS 0x00000000c0000000, 0x00000000c0000000| Complete 
| 479|0x00000000c0100000, 0x00000000c0200000, 0x00000000c0200000|100%|HS|  |TAMS 0x00000000c0100000, 0x00000000c0100000| Complete 
| 480|0x00000000c0200000, 0x00000000c0300000, 0x00000000c0300000|100%|HC|  |TAMS 0x00000000c0200000, 0x00000000c0200000| Complete 
| 481|0x00000000c0300000, 0x00000000c0400000, 0x00000000c0400000|100%|HC|  |TAMS 0x00000000c0300000, 0x00000000c0300000| Complete 
| 482|0x00000000c0400000, 0x00000000c0500000, 0x00000000c0500000|100%|HC|  |TAMS 0x00000000c0400000, 0x00000000c0400000| Complete 
| 483|0x00000000c0500000, 0x00000000c0600000, 0x00000000c0600000|100%|HC|  |TAMS 0x00000000c0500000, 0x00000000c0500000| Complete 
| 484|0x00000000c0600000, 0x00000000c0700000, 0x00000000c0700000|100%|HC|  |TAMS 0x00000000c0600000, 0x00000000c0600000| Complete 
| 485|0x00000000c0700000, 0x00000000c0800000, 0x00000000c0800000|100%|HC|  |TAMS 0x00000000c0700000, 0x00000000c0700000| Complete 
| 486|0x00000000c0800000, 0x00000000c0900000, 0x00000000c0900000|100%|HC|  |TAMS 0x00000000c0800000, 0x00000000c0800000| Complete 
| 487|0x00000000c0900000, 0x00000000c0a00000, 0x00000000c0a00000|100%|HC|  |TAMS 0x00000000c0900000, 0x00000000c0900000| Complete 
| 488|0x00000000c0a00000, 0x00000000c0b00000, 0x00000000c0b00000|100%|HC|  |TAMS 0x00000000c0a00000, 0x00000000c0a00000| Complete 
| 489|0x00000000c0b00000, 0x00000000c0c00000, 0x00000000c0c00000|100%|HC|  |TAMS 0x00000000c0b00000, 0x00000000c0b00000| Complete 
| 490|0x00000000c0c00000, 0x00000000c0d00000, 0x00000000c0d00000|100%|HC|  |TAMS 0x00000000c0c00000, 0x00000000c0c00000| Complete 
| 491|0x00000000c0d00000, 0x00000000c0e00000, 0x00000000c0e00000|100%|HC|  |TAMS 0x00000000c0d00000, 0x00000000c0d00000| Complete 
| 492|0x00000000c0e00000, 0x00000000c0f00000, 0x00000000c0f00000|100%|HC|  |TAMS 0x00000000c0e00000, 0x00000000c0e00000| Complete 
| 493|0x00000000c0f00000, 0x00000000c1000000, 0x00000000c1000000|100%|HC|  |TAMS 0x00000000c0f00000, 0x00000000c0f00000| Complete 
| 494|0x00000000c1000000, 0x00000000c1100000, 0x00000000c1100000|100%|HC|  |TAMS 0x00000000c1000000, 0x00000000c1000000| Complete 
| 495|0x00000000c1100000, 0x00000000c1200000, 0x00000000c1200000|100%|HC|  |TAMS 0x00000000c1100000, 0x00000000c1100000| Complete 
| 496|0x00000000c1200000, 0x00000000c1300000, 0x00000000c1300000|100%|HC|  |TAMS 0x00000000c1200000, 0x00000000c1200000| Complete 
| 497|0x00000000c1300000, 0x00000000c1400000, 0x00000000c1400000|100%|HC|  |TAMS 0x00000000c1300000, 0x00000000c1300000| Complete 
| 498|0x00000000c1400000, 0x00000000c1500000, 0x00000000c1500000|100%|HS|  |TAMS 0x00000000c1400000, 0x00000000c1400000| Complete 
| 499|0x00000000c1500000, 0x00000000c1600000, 0x00000000c1600000|100%|HC|  |TAMS 0x00000000c1500000, 0x00000000c1500000| Complete 
| 500|0x00000000c1600000, 0x00000000c1700000, 0x00000000c1700000|100%|HC|  |TAMS 0x00000000c1600000, 0x00000000c1600000| Complete 
| 501|0x00000000c1700000, 0x00000000c1800000, 0x00000000c1800000|100%|HC|  |TAMS 0x00000000c1700000, 0x00000000c1700000| Complete 
| 502|0x00000000c1800000, 0x00000000c1900000, 0x00000000c1900000|100%|HC|  |TAMS 0x00000000c1800000, 0x00000000c1800000| Complete 
| 503|0x00000000c1900000, 0x00000000c1a00000, 0x00000000c1a00000|100%|HC|  |TAMS 0x00000000c1900000, 0x00000000c1900000| Complete 
| 504|0x00000000c1a00000, 0x00000000c1b00000, 0x00000000c1b00000|100%|HC|  |TAMS 0x00000000c1a00000, 0x00000000c1a00000| Complete 
| 505|0x00000000c1b00000, 0x00000000c1c00000, 0x00000000c1c00000|100%|HS|  |TAMS 0x00000000c1b00000, 0x00000000c1b00000| Complete 
| 506|0x00000000c1c00000, 0x00000000c1d00000, 0x00000000c1d00000|100%|HC|  |TAMS 0x00000000c1c00000, 0x00000000c1c00000| Complete 
| 507|0x00000000c1d00000, 0x00000000c1e00000, 0x00000000c1e00000|100%|HC|  |TAMS 0x00000000c1d00000, 0x00000000c1d00000| Complete 
| 508|0x00000000c1e00000, 0x00000000c1f00000, 0x00000000c1f00000|100%|HC|  |TAMS 0x00000000c1e00000, 0x00000000c1e00000| Complete 
| 509|0x00000000c1f00000, 0x00000000c2000000, 0x00000000c2000000|100%|HC|  |TAMS 0x00000000c1f00000, 0x00000000c1f00000| Complete 
| 510|0x00000000c2000000, 0x00000000c2100000, 0x00000000c2100000|100%|HC|  |TAMS 0x00000000c2000000, 0x00000000c2000000| Complete 
| 511|0x00000000c2100000, 0x00000000c2200000, 0x00000000c2200000|100%|HC|  |TAMS 0x00000000c2100000, 0x00000000c2100000| Complete 
| 512|0x00000000c2200000, 0x00000000c2300000, 0x00000000c2300000|100%|HC|  |TAMS 0x00000000c2200000, 0x00000000c2200000| Complete 
| 513|0x00000000c2300000, 0x00000000c2400000, 0x00000000c2400000|100%|HC|  |TAMS 0x00000000c2300000, 0x00000000c2300000| Complete 
| 514|0x00000000c2400000, 0x00000000c2500000, 0x00000000c2500000|100%|HC|  |TAMS 0x00000000c2400000, 0x00000000c2400000| Complete 
| 515|0x00000000c2500000, 0x00000000c2600000, 0x00000000c2600000|100%|HC|  |TAMS 0x00000000c2500000, 0x00000000c2500000| Complete 
| 516|0x00000000c2600000, 0x00000000c2700000, 0x00000000c2700000|100%|HC|  |TAMS 0x00000000c2600000, 0x00000000c2600000| Complete 
| 517|0x00000000c2700000, 0x00000000c2800000, 0x00000000c2800000|100%|HC|  |TAMS 0x00000000c2700000, 0x00000000c2700000| Complete 
| 518|0x00000000c2800000, 0x00000000c2900000, 0x00000000c2900000|100%|HC|  |TAMS 0x00000000c2800000, 0x00000000c2800000| Complete 
| 519|0x00000000c2900000, 0x00000000c2a00000, 0x00000000c2a00000|100%|HS|  |TAMS 0x00000000c2900000, 0x00000000c2900000| Complete 
| 520|0x00000000c2a00000, 0x00000000c2b00000, 0x00000000c2b00000|100%|HC|  |TAMS 0x00000000c2a00000, 0x00000000c2a00000| Complete 
| 521|0x00000000c2b00000, 0x00000000c2c00000, 0x00000000c2c00000|100%|HC|  |TAMS 0x00000000c2b00000, 0x00000000c2b00000| Complete 
| 522|0x00000000c2c00000, 0x00000000c2d00000, 0x00000000c2d00000|100%|HC|  |TAMS 0x00000000c2c00000, 0x00000000c2c00000| Complete 
| 523|0x00000000c2d00000, 0x00000000c2e00000, 0x00000000c2e00000|100%|HC|  |TAMS 0x00000000c2d00000, 0x00000000c2d00000| Complete 
| 524|0x00000000c2e00000, 0x00000000c2f00000, 0x00000000c2f00000|100%|HC|  |TAMS 0x00000000c2e00000, 0x00000000c2e00000| Complete 
| 525|0x00000000c2f00000, 0x00000000c3000000, 0x00000000c3000000|100%|HC|  |TAMS 0x00000000c2f00000, 0x00000000c2f00000| Complete 
| 526|0x00000000c3000000, 0x00000000c3100000, 0x00000000c3100000|100%|HC|  |TAMS 0x00000000c3000000, 0x00000000c3000000| Complete 
| 527|0x00000000c3100000, 0x00000000c3200000, 0x00000000c3200000|100%|HC|  |TAMS 0x00000000c3100000, 0x00000000c3100000| Complete 
| 528|0x00000000c3200000, 0x00000000c3300000, 0x00000000c3300000|100%|HC|  |TAMS 0x00000000c3200000, 0x00000000c3200000| Complete 
| 529|0x00000000c3300000, 0x00000000c3400000, 0x00000000c3400000|100%|HC|  |TAMS 0x00000000c3300000, 0x00000000c3300000| Complete 
| 530|0x00000000c3400000, 0x00000000c3500000, 0x00000000c3500000|100%|HC|  |TAMS 0x00000000c3400000, 0x00000000c3400000| Complete 
| 531|0x00000000c3500000, 0x00000000c3600000, 0x00000000c3600000|100%|HS|  |TAMS 0x00000000c3500000, 0x00000000c3500000| Complete 
| 532|0x00000000c3600000, 0x00000000c3700000, 0x00000000c3700000|100%|HC|  |TAMS 0x00000000c3600000, 0x00000000c3600000| Complete 
| 533|0x00000000c3700000, 0x00000000c3800000, 0x00000000c3800000|100%|HC|  |TAMS 0x00000000c3700000, 0x00000000c3700000| Complete 
| 534|0x00000000c3800000, 0x00000000c3900000, 0x00000000c3900000|100%|HC|  |TAMS 0x00000000c3800000, 0x00000000c3800000| Complete 
| 535|0x00000000c3900000, 0x00000000c3a00000, 0x00000000c3a00000|100%|HC|  |TAMS 0x00000000c3900000, 0x00000000c3900000| Complete 
| 536|0x00000000c3a00000, 0x00000000c3b00000, 0x00000000c3b00000|100%|HC|  |TAMS 0x00000000c3a00000, 0x00000000c3a00000| Complete 
| 537|0x00000000c3b00000, 0x00000000c3c00000, 0x00000000c3c00000|100%|HC|  |TAMS 0x00000000c3b00000, 0x00000000c3b00000| Complete 
| 538|0x00000000c3c00000, 0x00000000c3d00000, 0x00000000c3d00000|100%|HC|  |TAMS 0x00000000c3c00000, 0x00000000c3c00000| Complete 
| 539|0x00000000c3d00000, 0x00000000c3e00000, 0x00000000c3e00000|100%|HC|  |TAMS 0x00000000c3d00000, 0x00000000c3d00000| Complete 
| 540|0x00000000c3e00000, 0x00000000c3f00000, 0x00000000c3f00000|100%|HC|  |TAMS 0x00000000c3e00000, 0x00000000c3e00000| Complete 
| 541|0x00000000c3f00000, 0x00000000c4000000, 0x00000000c4000000|100%|HC|  |TAMS 0x00000000c3f00000, 0x00000000c3f00000| Complete 
| 542|0x00000000c4000000, 0x00000000c4100000, 0x00000000c4100000|100%|HC|  |TAMS 0x00000000c4000000, 0x00000000c4000000| Complete 
| 543|0x00000000c4100000, 0x00000000c4200000, 0x00000000c4200000|100%|HS|  |TAMS 0x00000000c4100000, 0x00000000c4100000| Complete 
| 544|0x00000000c4200000, 0x00000000c4300000, 0x00000000c4300000|100%|HC|  |TAMS 0x00000000c4200000, 0x00000000c4200000| Complete 
| 545|0x00000000c4300000, 0x00000000c4400000, 0x00000000c4400000|100%|HC|  |TAMS 0x00000000c4300000, 0x00000000c4300000| Complete 
| 546|0x00000000c4400000, 0x00000000c4500000, 0x00000000c4500000|100%|HC|  |TAMS 0x00000000c4400000, 0x00000000c4400000| Complete 
| 547|0x00000000c4500000, 0x00000000c4600000, 0x00000000c4600000|100%|HC|  |TAMS 0x00000000c4500000, 0x00000000c4500000| Complete 
| 548|0x00000000c4600000, 0x00000000c4700000, 0x00000000c4700000|100%|HC|  |TAMS 0x00000000c4600000, 0x00000000c4600000| Complete 
| 549|0x00000000c4700000, 0x00000000c4800000, 0x00000000c4800000|100%|HC|  |TAMS 0x00000000c4700000, 0x00000000c4700000| Complete 
| 550|0x00000000c4800000, 0x00000000c4900000, 0x00000000c4900000|100%|HC|  |TAMS 0x00000000c4800000, 0x00000000c4800000| Complete 
| 551|0x00000000c4900000, 0x00000000c4a00000, 0x00000000c4a00000|100%|HC|  |TAMS 0x00000000c4900000, 0x00000000c4900000| Complete 
| 552|0x00000000c4a00000, 0x00000000c4b00000, 0x00000000c4b00000|100%|HC|  |TAMS 0x00000000c4a00000, 0x00000000c4a00000| Complete 
| 553|0x00000000c4b00000, 0x00000000c4c00000, 0x00000000c4c00000|100%|HC|  |TAMS 0x00000000c4b00000, 0x00000000c4b00000| Complete 
| 554|0x00000000c4c00000, 0x00000000c4d00000, 0x00000000c4d00000|100%|HC|  |TAMS 0x00000000c4c00000, 0x00000000c4c00000| Complete 
| 555|0x00000000c4d00000, 0x00000000c4e00000, 0x00000000c4e00000|100%|HC|  |TAMS 0x00000000c4d00000, 0x00000000c4d00000| Complete 
| 556|0x00000000c4e00000, 0x00000000c4f00000, 0x00000000c4f00000|100%|HC|  |TAMS 0x00000000c4e00000, 0x00000000c4e00000| Complete 
| 557|0x00000000c4f00000, 0x00000000c5000000, 0x00000000c5000000|100%|HC|  |TAMS 0x00000000c4f00000, 0x00000000c4f00000| Complete 
| 558|0x00000000c5000000, 0x00000000c5100000, 0x00000000c5100000|100%|HC|  |TAMS 0x00000000c5000000, 0x00000000c5000000| Complete 
| 559|0x00000000c5100000, 0x00000000c5200000, 0x00000000c5200000|100%|HC|  |TAMS 0x00000000c5100000, 0x00000000c5100000| Complete 
| 560|0x00000000c5200000, 0x00000000c5300000, 0x00000000c5300000|100%|HC|  |TAMS 0x00000000c5200000, 0x00000000c5200000| Complete 
| 561|0x00000000c5300000, 0x00000000c5400000, 0x00000000c5400000|100%|HC|  |TAMS 0x00000000c5300000, 0x00000000c5300000| Complete 
| 562|0x00000000c5400000, 0x00000000c5500000, 0x00000000c5500000|100%|HC|  |TAMS 0x00000000c5400000, 0x00000000c5400000| Complete 
| 563|0x00000000c5500000, 0x00000000c5600000, 0x00000000c5600000|100%|HC|  |TAMS 0x00000000c5500000, 0x00000000c5500000| Complete 
| 564|0x00000000c5600000, 0x00000000c5700000, 0x00000000c5700000|100%|HC|  |TAMS 0x00000000c5600000, 0x00000000c5600000| Complete 
| 565|0x00000000c5700000, 0x00000000c5800000, 0x00000000c5800000|100%|HC|  |TAMS 0x00000000c5700000, 0x00000000c5700000| Complete 
| 566|0x00000000c5800000, 0x00000000c5900000, 0x00000000c5900000|100%|HC|  |TAMS 0x00000000c5800000, 0x00000000c5800000| Complete 
| 567|0x00000000c5900000, 0x00000000c5a00000, 0x00000000c5a00000|100%|HS|  |TAMS 0x00000000c5900000, 0x00000000c5900000| Complete 
| 568|0x00000000c5a00000, 0x00000000c5b00000, 0x00000000c5b00000|100%|HC|  |TAMS 0x00000000c5a00000, 0x00000000c5a00000| Complete 
| 569|0x00000000c5b00000, 0x00000000c5c00000, 0x00000000c5c00000|100%|HC|  |TAMS 0x00000000c5b00000, 0x00000000c5b00000| Complete 
| 570|0x00000000c5c00000, 0x00000000c5d00000, 0x00000000c5d00000|100%|HC|  |TAMS 0x00000000c5c00000, 0x00000000c5c00000| Complete 
| 571|0x00000000c5d00000, 0x00000000c5e00000, 0x00000000c5e00000|100%|HC|  |TAMS 0x00000000c5d00000, 0x00000000c5d00000| Complete 
| 572|0x00000000c5e00000, 0x00000000c5f00000, 0x00000000c5f00000|100%|HC|  |TAMS 0x00000000c5e00000, 0x00000000c5e00000| Complete 
| 573|0x00000000c5f00000, 0x00000000c6000000, 0x00000000c6000000|100%|HC|  |TAMS 0x00000000c5f00000, 0x00000000c5f00000| Complete 
| 574|0x00000000c6000000, 0x00000000c6100000, 0x00000000c6100000|100%|HC|  |TAMS 0x00000000c6000000, 0x00000000c6000000| Complete 
| 575|0x00000000c6100000, 0x00000000c6200000, 0x00000000c6200000|100%|HC|  |TAMS 0x00000000c6100000, 0x00000000c6100000| Complete 
| 576|0x00000000c6200000, 0x00000000c6300000, 0x00000000c6300000|100%|HC|  |TAMS 0x00000000c6200000, 0x00000000c6200000| Complete 
| 577|0x00000000c6300000, 0x00000000c6400000, 0x00000000c6400000|100%|HC|  |TAMS 0x00000000c6300000, 0x00000000c6300000| Complete 
| 578|0x00000000c6400000, 0x00000000c6500000, 0x00000000c6500000|100%|HC|  |TAMS 0x00000000c6400000, 0x00000000c6400000| Complete 
| 579|0x00000000c6500000, 0x00000000c6600000, 0x00000000c6600000|100%|HS|  |TAMS 0x00000000c6500000, 0x00000000c6500000| Complete 
| 580|0x00000000c6600000, 0x00000000c6700000, 0x00000000c6700000|100%|HC|  |TAMS 0x00000000c6600000, 0x00000000c6600000| Complete 
| 581|0x00000000c6700000, 0x00000000c6800000, 0x00000000c6800000|100%|HC|  |TAMS 0x00000000c6700000, 0x00000000c6700000| Complete 
| 582|0x00000000c6800000, 0x00000000c6900000, 0x00000000c6900000|100%|HC|  |TAMS 0x00000000c6800000, 0x00000000c6800000| Complete 
| 583|0x00000000c6900000, 0x00000000c6a00000, 0x00000000c6a00000|100%|HC|  |TAMS 0x00000000c6900000, 0x00000000c6900000| Complete 
| 584|0x00000000c6a00000, 0x00000000c6b00000, 0x00000000c6b00000|100%|HC|  |TAMS 0x00000000c6a00000, 0x00000000c6a00000| Complete 
| 585|0x00000000c6b00000, 0x00000000c6c00000, 0x00000000c6c00000|100%|HC|  |TAMS 0x00000000c6b00000, 0x00000000c6b00000| Complete 
| 586|0x00000000c6c00000, 0x00000000c6d00000, 0x00000000c6d00000|100%|HC|  |TAMS 0x00000000c6c00000, 0x00000000c6c00000| Complete 
| 587|0x00000000c6d00000, 0x00000000c6e00000, 0x00000000c6e00000|100%|HC|  |TAMS 0x00000000c6d00000, 0x00000000c6d00000| Complete 
| 588|0x00000000c6e00000, 0x00000000c6f00000, 0x00000000c6f00000|100%|HC|  |TAMS 0x00000000c6e00000, 0x00000000c6e00000| Complete 
| 589|0x00000000c6f00000, 0x00000000c7000000, 0x00000000c7000000|100%|HC|  |TAMS 0x00000000c6f00000, 0x00000000c6f00000| Complete 
| 590|0x00000000c7000000, 0x00000000c7100000, 0x00000000c7100000|100%|HC|  |TAMS 0x00000000c7000000, 0x00000000c7000000| Complete 
| 591|0x00000000c7100000, 0x00000000c7200000, 0x00000000c7200000|100%|HS|  |TAMS 0x00000000c7100000, 0x00000000c7100000| Complete 
| 592|0x00000000c7200000, 0x00000000c7300000, 0x00000000c7300000|100%|HC|  |TAMS 0x00000000c7200000, 0x00000000c7200000| Complete 
| 593|0x00000000c7300000, 0x00000000c7400000, 0x00000000c7400000|100%|HS|  |TAMS 0x00000000c7300000, 0x00000000c7300000| Complete 
| 594|0x00000000c7400000, 0x00000000c7500000, 0x00000000c7500000|100%|HC|  |TAMS 0x00000000c7400000, 0x00000000c7400000| Complete 
| 595|0x00000000c7500000, 0x00000000c7600000, 0x00000000c7600000|100%|HC|  |TAMS 0x00000000c7500000, 0x00000000c7500000| Complete 
| 596|0x00000000c7600000, 0x00000000c7700000, 0x00000000c7700000|100%|HC|  |TAMS 0x00000000c7600000, 0x00000000c7600000| Complete 
| 597|0x00000000c7700000, 0x00000000c7800000, 0x00000000c7800000|100%|HS|  |TAMS 0x00000000c7700000, 0x00000000c7700000| Complete 
| 598|0x00000000c7800000, 0x00000000c7900000, 0x00000000c7900000|100%|HC|  |TAMS 0x00000000c7800000, 0x00000000c7800000| Complete 
| 599|0x00000000c7900000, 0x00000000c7a00000, 0x00000000c7a00000|100%|HC|  |TAMS 0x00000000c7900000, 0x00000000c7900000| Complete 
| 600|0x00000000c7a00000, 0x00000000c7b00000, 0x00000000c7b00000|100%|HC|  |TAMS 0x00000000c7a00000, 0x00000000c7a00000| Complete 
| 601|0x00000000c7b00000, 0x00000000c7c00000, 0x00000000c7c00000|100%|HC|  |TAMS 0x00000000c7b00000, 0x00000000c7b00000| Complete 
| 602|0x00000000c7c00000, 0x00000000c7d00000, 0x00000000c7d00000|100%|HC|  |TAMS 0x00000000c7c00000, 0x00000000c7c00000| Complete 
| 603|0x00000000c7d00000, 0x00000000c7e00000, 0x00000000c7e00000|100%|HC|  |TAMS 0x00000000c7d00000, 0x00000000c7d00000| Complete 
| 604|0x00000000c7e00000, 0x00000000c7f00000, 0x00000000c7f00000|100%|HS|  |TAMS 0x00000000c7e00000, 0x00000000c7e00000| Complete 
| 605|0x00000000c7f00000, 0x00000000c8000000, 0x00000000c8000000|100%|HC|  |TAMS 0x00000000c7f00000, 0x00000000c7f00000| Complete 
| 606|0x00000000c8000000, 0x00000000c8100000, 0x00000000c8100000|100%|HC|  |TAMS 0x00000000c8000000, 0x00000000c8000000| Complete 
| 607|0x00000000c8100000, 0x00000000c8200000, 0x00000000c8200000|100%|HC|  |TAMS 0x00000000c8100000, 0x00000000c8100000| Complete 
| 608|0x00000000c8200000, 0x00000000c8300000, 0x00000000c8300000|100%|HC|  |TAMS 0x00000000c8200000, 0x00000000c8200000| Complete 
| 609|0x00000000c8300000, 0x00000000c8400000, 0x00000000c8400000|100%|HC|  |TAMS 0x00000000c8300000, 0x00000000c8300000| Complete 
| 610|0x00000000c8400000, 0x00000000c8500000, 0x00000000c8500000|100%|HC|  |TAMS 0x00000000c8400000, 0x00000000c8400000| Complete 
| 611|0x00000000c8500000, 0x00000000c8600000, 0x00000000c8600000|100%|HS|  |TAMS 0x00000000c8500000, 0x00000000c8500000| Complete 
| 612|0x00000000c8600000, 0x00000000c8700000, 0x00000000c8700000|100%|HC|  |TAMS 0x00000000c8600000, 0x00000000c8600000| Complete 
| 613|0x00000000c8700000, 0x00000000c8800000, 0x00000000c8800000|100%|HC|  |TAMS 0x00000000c8700000, 0x00000000c8700000| Complete 
| 614|0x00000000c8800000, 0x00000000c8900000, 0x00000000c8900000|100%|HC|  |TAMS 0x00000000c8800000, 0x00000000c8800000| Complete 
| 615|0x00000000c8900000, 0x00000000c8a00000, 0x00000000c8a00000|100%|HC|  |TAMS 0x00000000c8900000, 0x00000000c8900000| Complete 
| 616|0x00000000c8a00000, 0x00000000c8b00000, 0x00000000c8b00000|100%|HC|  |TAMS 0x00000000c8a00000, 0x00000000c8a00000| Complete 
| 617|0x00000000c8b00000, 0x00000000c8c00000, 0x00000000c8c00000|100%|HC|  |TAMS 0x00000000c8b00000, 0x00000000c8b00000| Complete 
| 618|0x00000000c8c00000, 0x00000000c8c00000, 0x00000000c8d00000|  0%| F|  |TAMS 0x00000000c8c00000, 0x00000000c8c00000| Untracked 
| 619|0x00000000c8d00000, 0x00000000c8d00000, 0x00000000c8e00000|  0%| F|  |TAMS 0x00000000c8d00000, 0x00000000c8d00000| Untracked 
| 620|0x00000000c8e00000, 0x00000000c8e00000, 0x00000000c8f00000|  0%| F|  |TAMS 0x00000000c8e00000, 0x00000000c8e00000| Untracked 
| 621|0x00000000c8f00000, 0x00000000c8f00000, 0x00000000c9000000|  0%| F|  |TAMS 0x00000000c8f00000, 0x00000000c8f00000| Untracked 
| 622|0x00000000c9000000, 0x00000000c9000000, 0x00000000c9100000|  0%| F|  |TAMS 0x00000000c9000000, 0x00000000c9000000| Untracked 
| 623|0x00000000c9100000, 0x00000000c9100000, 0x00000000c9200000|  0%| F|  |TAMS 0x00000000c9100000, 0x00000000c9100000| Untracked 
| 624|0x00000000c9200000, 0x00000000c9200000, 0x00000000c9300000|  0%| F|  |TAMS 0x00000000c9200000, 0x00000000c9200000| Untracked 
| 625|0x00000000c9300000, 0x00000000c9300000, 0x00000000c9400000|  0%| F|  |TAMS 0x00000000c9300000, 0x00000000c9300000| Untracked 
| 626|0x00000000c9400000, 0x00000000c9400000, 0x00000000c9500000|  0%| F|  |TAMS 0x00000000c9400000, 0x00000000c9400000| Untracked 
| 627|0x00000000c9500000, 0x00000000c9500000, 0x00000000c9600000|  0%| F|  |TAMS 0x00000000c9500000, 0x00000000c9500000| Untracked 

Card table byte_map: [0x0000028bb09a0000,0x0000028bb0c90000] _byte_map_base: 0x0000028bb048f000

Marking Bits (Prev, Next): (CMBitMap*) 0x0000028ba585e430, (CMBitMap*) 0x0000028ba585e470
 Prev Bits: [0x0000028bb0f80000, 0x0000028bb26f8000)
 Next Bits: [0x0000028bb2700000, 0x0000028bb3e78000)

Polling page: 0x0000028ba3570000

Metaspace:

Usage:
  Non-class:     79.10 MB used.
      Class:     13.84 MB used.
       Both:     92.94 MB used.

Virtual space:
  Non-class space:      128.00 MB reserved,      79.50 MB ( 62%) committed,  2 nodes.
      Class space:        1.00 GB reserved,      14.19 MB (  1%) committed,  1 nodes.
             Both:        1.12 GB reserved,      93.69 MB (  8%) committed. 

Chunk freelists:
   Non-Class:  15.92 MB
       Class:  1.74 MB
        Both:  17.66 MB

MaxMetaspaceSize: unlimited
CompressedClassSpaceSize: 1.00 GB
Initial GC threshold: 21.00 MB
Current GC threshold: 155.94 MB
CDS: on
MetaspaceReclaimPolicy: balanced
 - commit_granule_bytes: 65536.
 - commit_granule_words: 8192.
 - virtual_space_node_default_size: 8388608.
 - enlarge_chunks_in_place: 1.
 - new_chunks_are_fully_committed: 0.
 - uncommit_free_chunks: 1.
 - use_allocation_guard: 0.
 - handle_deallocations: 1.


Internal statistics:

num_allocs_failed_limit: 12.
num_arena_births: 1546.
num_arena_deaths: 514.
num_vsnodes_births: 3.
num_vsnodes_deaths: 0.
num_space_committed: 1499.
num_space_uncommitted: 0.
num_chunks_returned_to_freelist: 643.
num_chunks_taken_from_freelist: 5361.
num_chunk_merges: 184.
num_chunk_splits: 3491.
num_chunks_enlarged: 2557.
num_inconsistent_stats: 0.

CodeCache: size=49152Kb used=19269Kb max_used=19871Kb free=29882Kb
 bounds [0x0000028bad380000, 0x0000028bae720000, 0x0000028bb0380000]
 total_blobs=12183 nmethods=11399 adapters=709
 compilation: enabled
              stopped_count=0, restarted_count=0
 full_count=0

Compilation events (20 events):
Event: 1653.168 Thread 0x0000028bb6b2c000 nmethod 11584 0x0000028bae6cc110 code [0x0000028bae6cc2a0, 0x0000028bae6cc378]
Event: 1653.168 Thread 0x0000028bb6b2c000 11585       1       com.fasterxml.jackson.databind.AnnotationIntrospector::findNullSerializer (2 bytes)
Event: 1653.168 Thread 0x0000028bb6b2c000 nmethod 11585 0x0000028bae6cbe10 code [0x0000028bae6cbfa0, 0x0000028bae6cc078]
Event: 1653.168 Thread 0x0000028bb6b2c000 11586       1       com.fasterxml.jackson.databind.ser.BeanPropertyWriter::getTypeSerializer (5 bytes)
Event: 1653.168 Thread 0x0000028bb6b2c000 nmethod 11586 0x0000028bae6cbb10 code [0x0000028bae6cbca0, 0x0000028bae6cbd78]
Event: 1653.168 Thread 0x0000028bb6b2c000 11587       1       com.fasterxml.jackson.databind.ser.BeanPropertyWriter::getViews (5 bytes)
Event: 1653.168 Thread 0x0000028bb6b2c000 nmethod 11587 0x0000028bae6cb810 code [0x0000028bae6cb9a0, 0x0000028bae6cba78]
Event: 1653.168 Thread 0x0000028bfc3d5340 nmethod 11577 0x0000028bae6ca910 code [0x0000028bae6cab80, 0x0000028bae6cb3d8]
Event: 1653.168 Thread 0x0000028bb6b2c000 11588       1       com.fasterxml.jackson.databind.ser.BeanPropertyWriter::willSuppressNulls (5 bytes)
Event: 1653.168 Thread 0x0000028bfc3d5340 11589       1       com.fasterxml.jackson.databind.ser.BeanPropertyWriter::getSerializationType (5 bytes)
Event: 1653.168 Thread 0x0000028bfc3d5340 nmethod 11589 0x0000028bae6ca610 code [0x0000028bae6ca7a0, 0x0000028bae6ca878]
Event: 1653.168 Thread 0x0000028bb6b2c000 nmethod 11588 0x0000028bae6ca310 code [0x0000028bae6ca4a0, 0x0000028bae6ca578]
Event: 1653.168 Thread 0x0000028bfc3d5340 11590       1       com.fasterxml.jackson.databind.ser.BeanPropertyWriter::getType (5 bytes)
Event: 1653.168 Thread 0x0000028bfc3d5340 nmethod 11590 0x0000028bae6ca010 code [0x0000028bae6ca1a0, 0x0000028bae6ca278]
Event: 1653.169 Thread 0x0000028bfc3d5340 11591   !   1       org.apache.catalina.core.StandardContext::unbind (92 bytes)
Event: 1653.170 Thread 0x0000028bfc3d5340 nmethod 11591 0x0000028bae6c9310 code [0x0000028bae6c9540, 0x0000028bae6c9be8]
Event: 1653.320 Thread 0x0000028bfc3d5340 11592       1       ch.qos.logback.core.encoder.LayoutWrappingEncoder::convertToBytes (21 bytes)
Event: 1653.320 Thread 0x0000028bfc3d5340 nmethod 11592 0x0000028bae6c8d90 code [0x0000028bae6c8f60, 0x0000028bae6c9178]
Event: 1653.338 Thread 0x0000028bfc3d5340 11593   !   1       ch.qos.logback.core.OutputStreamAppender::writeBytes (55 bytes)
Event: 1653.339 Thread 0x0000028bfc3d5340 nmethod 11593 0x0000028bae6c8410 code [0x0000028bae6c8640, 0x0000028bae6c8a28]

GC Heap History (20 events):
Event: 10.906 GC heap before
{Heap before GC invocations=26 (full 0):
 garbage-first heap   total 91136K, used 75037K [0x00000000a2200000, 0x0000000100000000)
  region size 1024K, 35 young (35840K), 1 survivors (1024K)
 Metaspace       used 82387K, committed 83072K, reserved 1179648K
  class space    used 12322K, committed 12672K, reserved 1048576K
}
Event: 10.908 GC heap after
{Heap after GC invocations=27 (full 0):
 garbage-first heap   total 91136K, used 41094K [0x00000000a2200000, 0x0000000100000000)
  region size 1024K, 2 young (2048K), 2 survivors (2048K)
 Metaspace       used 82387K, committed 83072K, reserved 1179648K
  class space    used 12322K, committed 12672K, reserved 1048576K
}
Event: 11.730 GC heap before
{Heap before GC invocations=27 (full 0):
 garbage-first heap   total 91136K, used 74886K [0x00000000a2200000, 0x0000000100000000)
  region size 1024K, 35 young (35840K), 2 survivors (2048K)
 Metaspace       used 84632K, committed 85376K, reserved 1179648K
  class space    used 12631K, committed 12992K, reserved 1048576K
}
Event: 11.733 GC heap after
{Heap after GC invocations=28 (full 0):
 garbage-first heap   total 91136K, used 42671K [0x00000000a2200000, 0x0000000100000000)
  region size 1024K, 3 young (3072K), 3 survivors (3072K)
 Metaspace       used 84632K, committed 85376K, reserved 1179648K
  class space    used 12631K, committed 12992K, reserved 1048576K
}
Event: 12.403 GC heap before
{Heap before GC invocations=28 (full 0):
 garbage-first heap   total 91136K, used 76463K [0x00000000a2200000, 0x0000000100000000)
  region size 1024K, 36 young (36864K), 3 survivors (3072K)
 Metaspace       used 85990K, committed 86656K, reserved 1179648K
  class space    used 12855K, committed 13184K, reserved 1048576K
}
Event: 12.408 GC heap after
{Heap after GC invocations=29 (full 0):
 garbage-first heap   total 91136K, used 43832K [0x00000000a2200000, 0x0000000100000000)
  region size 1024K, 3 young (3072K), 3 survivors (3072K)
 Metaspace       used 85990K, committed 86656K, reserved 1179648K
  class space    used 12855K, committed 13184K, reserved 1048576K
}
Event: 348.990 GC heap before
{Heap before GC invocations=29 (full 0):
 garbage-first heap   total 91136K, used 75576K [0x00000000a2200000, 0x0000000100000000)
  region size 1024K, 34 young (34816K), 3 survivors (3072K)
 Metaspace       used 87172K, committed 87808K, reserved 1179648K
  class space    used 13033K, committed 13312K, reserved 1048576K
}
Event: 349.167 GC heap after
{Heap after GC invocations=30 (full 0):
 garbage-first heap   total 91136K, used 45077K [0x00000000a2200000, 0x0000000100000000)
  region size 1024K, 3 young (3072K), 3 survivors (3072K)
 Metaspace       used 87172K, committed 87808K, reserved 1179648K
  class space    used 13033K, committed 13312K, reserved 1048576K
}
Event: 1095.498 GC heap before
{Heap before GC invocations=31 (full 0):
 garbage-first heap   total 91136K, used 75797K [0x00000000a2200000, 0x0000000100000000)
  region size 1024K, 34 young (34816K), 3 survivors (3072K)
 Metaspace       used 90587K, committed 91136K, reserved 1179648K
  class space    used 13476K, committed 13760K, reserved 1048576K
}
Event: 1095.553 GC heap after
{Heap after GC invocations=32 (full 0):
 garbage-first heap   total 91136K, used 45059K [0x00000000a2200000, 0x0000000100000000)
  region size 1024K, 3 young (3072K), 3 survivors (3072K)
 Metaspace       used 90587K, committed 91136K, reserved 1179648K
  class space    used 13476K, committed 13760K, reserved 1048576K
}
Event: 1095.849 GC heap before
{Heap before GC invocations=32 (full 0):
 garbage-first heap   total 91136K, used 45059K [0x00000000a2200000, 0x0000000100000000)
  region size 1024K, 4 young (4096K), 3 survivors (3072K)
 Metaspace       used 90786K, committed 91392K, reserved 1179648K
  class space    used 13503K, committed 13760K, reserved 1048576K
}
Event: 1095.976 GC heap after
{Heap after GC invocations=33 (full 0):
 garbage-first heap   total 91136K, used 41302K [0x00000000a2200000, 0x0000000100000000)
  region size 1024K, 1 young (1024K), 1 survivors (1024K)
 Metaspace       used 90786K, committed 91392K, reserved 1179648K
  class space    used 13503K, committed 13760K, reserved 1048576K
}
Event: 1600.824 GC heap before
{Heap before GC invocations=33 (full 0):
 garbage-first heap   total 91136K, used 65878K [0x00000000a2200000, 0x0000000100000000)
  region size 1024K, 27 young (27648K), 1 survivors (1024K)
 Metaspace       used 92677K, committed 93376K, reserved 1179648K
  class space    used 13804K, committed 14144K, reserved 1048576K
}
Event: 1600.896 GC heap after
{Heap after GC invocations=34 (full 0):
 garbage-first heap   total 91136K, used 43138K [0x00000000a2200000, 0x0000000100000000)
  region size 1024K, 3 young (3072K), 3 survivors (3072K)
 Metaspace       used 92677K, committed 93376K, reserved 1179648K
  class space    used 13804K, committed 14144K, reserved 1048576K
}
Event: 1650.007 GC heap before
{Heap before GC invocations=35 (full 0):
 garbage-first heap   total 214016K, used 171138K [0x00000000a2200000, 0x0000000100000000)
  region size 1024K, 34 young (34816K), 3 survivors (3072K)
 Metaspace       used 94988K, committed 95744K, reserved 1179648K
  class space    used 14145K, committed 14464K, reserved 1048576K
}
Event: 1650.019 GC heap after
{Heap after GC invocations=36 (full 0):
 garbage-first heap   total 214016K, used 53425K [0x00000000a2200000, 0x0000000100000000)
  region size 1024K, 5 young (5120K), 5 survivors (5120K)
 Metaspace       used 94988K, committed 95744K, reserved 1179648K
  class space    used 14145K, committed 14464K, reserved 1048576K
}
Event: 1650.193 GC heap before
{Heap before GC invocations=36 (full 0):
 garbage-first heap   total 214016K, used 114865K [0x00000000a2200000, 0x0000000100000000)
  region size 1024K, 10 young (10240K), 5 survivors (5120K)
 Metaspace       used 95011K, committed 95744K, reserved 1179648K
  class space    used 14148K, committed 14464K, reserved 1048576K
}
Event: 1650.217 GC heap after
{Heap after GC invocations=37 (full 0):
 garbage-first heap   total 214016K, used 84508K [0x00000000a2200000, 0x0000000100000000)
  region size 1024K, 1 young (1024K), 1 survivors (1024K)
 Metaspace       used 95011K, committed 95744K, reserved 1179648K
  class space    used 14148K, committed 14464K, reserved 1048576K
}
Event: 1650.228 GC heap before
{Heap before GC invocations=37 (full 0):
 garbage-first heap   total 214016K, used 85532K [0x00000000a2200000, 0x0000000100000000)
  region size 1024K, 3 young (3072K), 1 survivors (1024K)
 Metaspace       used 95018K, committed 95808K, reserved 1179648K
  class space    used 14150K, committed 14528K, reserved 1048576K
}
Event: 1650.235 GC heap after
{Heap after GC invocations=38 (full 0):
 garbage-first heap   total 257024K, used 84249K [0x00000000a2200000, 0x0000000100000000)
  region size 1024K, 1 young (1024K), 1 survivors (1024K)
 Metaspace       used 95018K, committed 95808K, reserved 1179648K
  class space    used 14150K, committed 14528K, reserved 1048576K
}

Dll operation events (12 events):
Event: 0.013 Loaded shared library C:\Users\Korisnik\.jdks\ms-17.0.17\bin\java.dll
Event: 0.034 Loaded shared library C:\Users\Korisnik\.jdks\ms-17.0.17\bin\jsvml.dll
Event: 0.244 Loaded shared library C:\Users\Korisnik\.jdks\ms-17.0.17\bin\zip.dll
Event: 0.247 Loaded shared library C:\Users\Korisnik\.jdks\ms-17.0.17\bin\instrument.dll
Event: 0.255 Loaded shared library C:\Users\Korisnik\.jdks\ms-17.0.17\bin\net.dll
Event: 0.257 Loaded shared library C:\Users\Korisnik\.jdks\ms-17.0.17\bin\nio.dll
Event: 0.261 Loaded shared library C:\Users\Korisnik\.jdks\ms-17.0.17\bin\zip.dll
Event: 0.465 Loaded shared library C:\Users\Korisnik\.jdks\ms-17.0.17\bin\jimage.dll
Event: 0.475 Loaded shared library C:\Users\Korisnik\.jdks\ms-17.0.17\bin\extnet.dll
Event: 0.498 Loaded shared library C:\Users\Korisnik\.jdks\ms-17.0.17\bin\management.dll
Event: 0.521 Loaded shared library C:\Users\Korisnik\.jdks\ms-17.0.17\bin\management_ext.dll
Event: 2.783 Loaded shared library C:\Users\Korisnik\.jdks\ms-17.0.17\bin\sunmscapi.dll

Deoptimization events (2 events):
Event: 1094.509 Thread 0x0000028bff3580c0 DEOPT PACKING pc=0x0000028bad51b80c sp=0x000000f9517f8ab0
Event: 1094.511 Thread 0x0000028bff3580c0 DEOPT UNPACKING pc=0x0000028bad3d7143 sp=0x000000f9517f80b8 mode 0

Classes loaded (20 events):
Event: 1600.128 Loading class java/util/concurrent/locks/ReentrantReadWriteLock$Sync$HoldCounter
Event: 1600.129 Loading class java/util/concurrent/locks/ReentrantReadWriteLock$Sync$HoldCounter done
Event: 1600.641 Loading class java/util/concurrent/atomic/Striped64$Cell
Event: 1600.642 Loading class java/util/concurrent/atomic/Striped64$Cell done
Event: 1607.748 Loading class java/io/PushbackInputStream
Event: 1607.749 Loading class java/io/PushbackInputStream done
Event: 1624.136 Loading class java/io/FileOutputStream$1
Event: 1624.137 Loading class java/io/FileOutputStream$1 done
Event: 1624.260 Loading class java/util/concurrent/Executors$FinalizableDelegatedExecutorService
Event: 1624.260 Loading class java/util/concurrent/Executors$FinalizableDelegatedExecutorService done
Event: 1649.583 Loading class java/util/concurrent/atomic/AtomicLongFieldUpdater
Event: 1649.584 Loading class java/util/concurrent/atomic/AtomicLongFieldUpdater done
Event: 1649.584 Loading class java/util/concurrent/atomic/AtomicLongFieldUpdater$CASUpdater
Event: 1649.585 Loading class java/util/concurrent/atomic/AtomicLongFieldUpdater$CASUpdater done
Event: 1649.585 Loading class java/util/concurrent/atomic/AtomicLongFieldUpdater$CASUpdater$1
Event: 1649.585 Loading class java/util/concurrent/atomic/AtomicLongFieldUpdater$CASUpdater$1 done
Event: 1650.112 Loading class java/nio/HeapByteBufferR
Event: 1650.115 Loading class java/nio/HeapByteBufferR done
Event: 1653.090 Loading class java/util/function/LongSupplier
Event: 1653.094 Loading class java/util/function/LongSupplier done

Classes unloaded (20 events):
Event: 1650.463 Thread 0x0000028bb6b0f530 Unloading class 0x0000028bb8e38800 'java/lang/invoke/LambdaForm$MH+0x0000028bb8e38800'
Event: 1650.463 Thread 0x0000028bb6b0f530 Unloading class 0x0000028bb8e38000 'java/lang/invoke/LambdaForm$MH+0x0000028bb8e38000'
Event: 1650.463 Thread 0x0000028bb6b0f530 Unloading class 0x0000028bb8e33400 'java/lang/invoke/LambdaForm$MH+0x0000028bb8e33400'
Event: 1650.463 Thread 0x0000028bb6b0f530 Unloading class 0x0000028bb8e33800 'java/lang/invoke/LambdaForm$MH+0x0000028bb8e33800'
Event: 1650.463 Thread 0x0000028bb6b0f530 Unloading class 0x0000028bb8e32c00 'java/lang/invoke/LambdaForm$MH+0x0000028bb8e32c00'
Event: 1650.463 Thread 0x0000028bb6b0f530 Unloading class 0x0000028bb8e32800 'java/lang/invoke/LambdaForm$MH+0x0000028bb8e32800'
Event: 1650.463 Thread 0x0000028bb6b0f530 Unloading class 0x0000028bb8e31c00 'java/lang/invoke/LambdaForm$MH+0x0000028bb8e31c00'
Event: 1650.463 Thread 0x0000028bb6b0f530 Unloading class 0x0000028bb8e32000 'java/lang/invoke/LambdaForm$MH+0x0000028bb8e32000'
Event: 1650.463 Thread 0x0000028bb6b0f530 Unloading class 0x0000028bb8e31400 'java/lang/invoke/LambdaForm$MH+0x0000028bb8e31400'
Event: 1650.463 Thread 0x0000028bb6b0f530 Unloading class 0x0000028bb8e31000 'java/lang/invoke/LambdaForm$MH+0x0000028bb8e31000'
Event: 1650.463 Thread 0x0000028bb6b0f530 Unloading class 0x0000028bb8e30800 'java/lang/invoke/LambdaForm$MH+0x0000028bb8e30800'
Event: 1650.463 Thread 0x0000028bb6b0f530 Unloading class 0x0000028bb8e30400 'java/lang/invoke/LambdaForm$MH+0x0000028bb8e30400'
Event: 1650.463 Thread 0x0000028bb6b0f530 Unloading class 0x0000028bb8e30000 'java/lang/invoke/LambdaForm$MH+0x0000028bb8e30000'
Event: 1650.463 Thread 0x0000028bb6b0f530 Unloading class 0x0000028bb8e2b800 'java/lang/invoke/LambdaForm$MH+0x0000028bb8e2b800'
Event: 1650.463 Thread 0x0000028bb6b0f530 Unloading class 0x0000028bb8e2b400 'java/lang/invoke/LambdaForm$MH+0x0000028bb8e2b400'
Event: 1650.463 Thread 0x0000028bb6b0f530 Unloading class 0x0000028bb8e2ac00 'java/lang/invoke/LambdaForm$MH+0x0000028bb8e2ac00'
Event: 1650.463 Thread 0x0000028bb6b0f530 Unloading class 0x0000028bb8e2a400 'java/lang/invoke/LambdaForm$MH+0x0000028bb8e2a400'
Event: 1650.463 Thread 0x0000028bb6b0f530 Unloading class 0x0000028bb8e2a000 'java/lang/invoke/LambdaForm$MH+0x0000028bb8e2a000'
Event: 1650.463 Thread 0x0000028bb6b0f530 Unloading class 0x0000028bb8e29c00 'java/lang/invoke/LambdaForm$MH+0x0000028bb8e29c00'
Event: 1650.463 Thread 0x0000028bb6b0f530 Unloading class 0x0000028bb8e29400 'java/lang/invoke/LambdaForm$MH+0x0000028bb8e29400'

Classes redefined (0 events):
No events

Internal exceptions (20 events):
Event: 1093.897 Thread 0x0000028bff3580c0 Exception <a 'java/lang/IncompatibleClassChangeError'{0x00000000a6180980}: Found class java.lang.Object, but interface was expected> (0x00000000a6180980) 
thrown [s\src\hotspot\share\interpreter\linkResolver.cpp, line 826]
Event: 1095.003 Thread 0x0000028bff3580c0 Exception <a 'java/lang/IncompatibleClassChangeError'{0x00000000a5d82cf8}: Found class java.lang.Object, but interface was expected> (0x00000000a5d82cf8) 
thrown [s\src\hotspot\share\interpreter\linkResolver.cpp, line 826]
Event: 1095.234 Thread 0x0000028bff3580c0 Exception <a 'java/lang/IncompatibleClassChangeError'{0x00000000a5c23580}: Found class java.lang.Object, but interface was expected> (0x00000000a5c23580) 
thrown [s\src\hotspot\share\interpreter\linkResolver.cpp, line 826]
Event: 1095.280 Thread 0x0000028bff3580c0 Exception <a 'java/lang/NoSuchMethodError'{0x00000000a5c522d0}: 'void java.lang.invoke.DirectMethodHandle$Holder.invokeSpecialIFC(java.lang.Object, java.lang.Object, int, java.lang.Object, java.lang.Object, java.lang.Object, java.lang.Object)'> (0x00000000a5c522d0) 
thrown [s\src\hotspot\share\interpreter\linkResolver.cpp, line 759]
Event: 1624.259 Thread 0x0000028bff358ae0 Exception <a 'sun/nio/fs/WindowsException'{0x00000000ae183bc0}> (0x00000000ae183bc0) 
thrown [s\src\hotspot\share\prims\jni.cpp, line 516]
Event: 1624.264 Thread 0x0000028bff355330 Exception <a 'sun/nio/fs/WindowsException'{0x00000000ae19f288}> (0x00000000ae19f288) 
thrown [s\src\hotspot\share\prims\jni.cpp, line 516]
Event: 1624.265 Thread 0x0000028bff355330 Exception <a 'sun/nio/fs/WindowsException'{0x00000000ae1a1e00}> (0x00000000ae1a1e00) 
thrown [s\src\hotspot\share\prims\jni.cpp, line 516]
Event: 1624.335 Thread 0x0000028bff358ae0 Exception <a 'java/lang/NoSuchMethodError'{0x00000000adf264a8}: 'int java.lang.invoke.DirectMethodHandle$Holder.invokeStatic(java.lang.Object, java.lang.Object, int, int)'> (0x00000000adf264a8) 
thrown [s\src\hotspot\share\interpreter\linkResolver.cpp, line 759]
Event: 1624.365 Thread 0x0000028bff358ae0 Exception <a 'sun/nio/fs/WindowsException'{0x00000000adfc0c80}> (0x00000000adfc0c80) 
thrown [s\src\hotspot\share\prims\jni.cpp, line 516]
Event: 1624.365 Thread 0x0000028bff358ae0 Exception <a 'sun/nio/fs/WindowsException'{0x00000000adfc1a20}> (0x00000000adfc1a20) 
thrown [s\src\hotspot\share\prims\jni.cpp, line 516]
Event: 1624.380 Thread 0x0000028bff358ae0 Exception <a 'java/lang/NoSuchMethodError'{0x00000000ade19a80}: 'java.lang.Object java.lang.invoke.DelegatingMethodHandle$Holder.reinvoke_L(java.lang.Object, long, java.lang.Object, java.lang.Object, java.lang.Object, java.lang.Object, java.lang.Object, java.lang.Object, java.lang.Object)'> (0x00000000ade19a80) 
thrown [s\src\hotspot\share\interpreter\linkResolver.cpp, line 759]
Event: 1624.414 Thread 0x0000028bff358ae0 Exception <a 'java/lang/NoSuchMethodError'{0x00000000add0b7f0}: 'java.lang.Object java.lang.invoke.Invokers$Holder.linkToTargetMethod(java.lang.Object, int, java.lang.Object, java.lang.Object, java.lang.Object, java.lang.Object)'> (0x00000000add0b7f0) 
thrown [s\src\hotspot\share\interpreter\linkResolver.cpp, line 759]
Event: 1624.415 Thread 0x0000028bff358ae0 Exception <a 'java/lang/NoSuchMethodError'{0x00000000add18bc0}: 'int java.lang.invoke.DirectMethodHandle$Holder.invokeStatic(java.lang.Object, java.lang.Object, int, java.lang.Object)'> (0x00000000add18bc0) 
thrown [s\src\hotspot\share\interpreter\linkResolver.cpp, line 759]
Event: 1624.416 Thread 0x0000028bff358ae0 Exception <a 'java/lang/NoSuchMethodError'{0x00000000add22bb8}: 'void java.lang.invoke.DirectMethodHandle$Holder.invokeStatic(java.lang.Object, int, java.lang.Object, java.lang.Object, java.lang.Object, java.lang.Object)'> (0x00000000add22bb8) 
thrown [s\src\hotspot\share\interpreter\linkResolver.cpp, line 759]
Event: 1624.424 Thread 0x0000028bff358ae0 Exception <a 'java/lang/IncompatibleClassChangeError'{0x00000000add618e0}: Found class java.lang.Object, but interface was expected> (0x00000000add618e0) 
thrown [s\src\hotspot\share\interpreter\linkResolver.cpp, line 826]
Event: 1649.577 Thread 0x0000028bff3534d0 Exception <a 'java/io/IOException'{0x00000000a5c2ce88}: Connection reset by peer> (0x00000000a5c2ce88) 
thrown [s\src\hotspot\share\prims\jni.cpp, line 535]
Event: 1649.577 Thread 0x0000028bff358ff0 Exception <a 'java/io/IOException'{0x00000000a5c77d18}: Connection reset by peer> (0x00000000a5c77d18) 
thrown [s\src\hotspot\share\prims\jni.cpp, line 535]
Event: 1649.577 Thread 0x0000028bff354400 Exception <a 'java/io/IOException'{0x00000000a5c57068}: Connection reset by peer> (0x00000000a5c57068) 
thrown [s\src\hotspot\share\prims\jni.cpp, line 535]
Event: 1649.596 Thread 0x0000028bff358ae0 Exception <a 'java/lang/NoSuchMethodError'{0x00000000ad9fae50}: 'java.lang.Object java.lang.invoke.DirectMethodHandle$Holder.newInvokeSpecial(java.lang.Object, java.lang.Object, long, java.lang.Object, java.lang.Object, java.lang.Object, java.lang.Object)'> (0x00000000ad9fae50) 
thrown [s\src\hotspot\share\interpreter\linkResolver.cpp, line 759]
Event: 1649.615 Thread 0x0000028bff358ae0 Exception <a 'java/io/IOException'{0x00000000ad8e5820}> (0x00000000ad8e5820) 
thrown [s\src\hotspot\share\prims\jni.cpp, line 516]

VM Operations (20 events):
Event: 1649.602 Executing VM operation: Cleanup
Event: 1649.602 Executing VM operation: Cleanup done
Event: 1649.979 Executing VM operation: G1CollectForAllocation
Event: 1650.019 Executing VM operation: G1CollectForAllocation done
Event: 1650.118 Executing VM operation: HandshakeAllThreads
Event: 1650.161 Executing VM operation: HandshakeAllThreads done
Event: 1650.178 Executing VM operation: G1CollectForAllocation
Event: 1650.217 Executing VM operation: G1CollectForAllocation done
Event: 1650.228 Executing VM operation: G1TryInitiateConcMark
Event: 1650.235 Executing VM operation: G1TryInitiateConcMark done
Event: 1650.352 Executing VM operation: G1PauseRemark
Event: 1650.532 Executing VM operation: G1PauseRemark done
Event: 1650.654 Executing VM operation: G1PauseCleanup
Event: 1650.707 Executing VM operation: G1PauseCleanup done
Event: 1652.405 Executing VM operation: HandshakeAllThreads
Event: 1652.413 Executing VM operation: HandshakeAllThreads done
Event: 1652.413 Executing VM operation: Cleanup
Event: 1652.457 Executing VM operation: Cleanup done
Event: 1653.469 Executing VM operation: Cleanup
Event: 1653.470 Executing VM operation: Cleanup done

Memory protections (0 events):
No events

Nmethod flushes (20 events):
Event: 1624.391 Thread 0x0000028bb6b3f770 flushing  nmethod 0x0000028bae08bf10
Event: 1624.392 Thread 0x0000028bb6b3f770 flushing  nmethod 0x0000028bae140f90
Event: 1624.392 Thread 0x0000028bb6b3f770 flushing  nmethod 0x0000028bae141b10
Event: 1624.392 Thread 0x0000028bb6b3f770 flushing  nmethod 0x0000028bae1cec10
Event: 1624.392 Thread 0x0000028bb6b3f770 flushing  nmethod 0x0000028bae259590
Event: 1624.393 Thread 0x0000028bb6b3f770 flushing  nmethod 0x0000028bae28b690
Event: 1624.393 Thread 0x0000028bb6b3f770 flushing  nmethod 0x0000028bae2b0290
Event: 1624.393 Thread 0x0000028bb6b3f770 flushing  nmethod 0x0000028bae2ba490
Event: 1624.393 Thread 0x0000028bb6b3f770 flushing  nmethod 0x0000028bae2bba10
Event: 1624.393 Thread 0x0000028bb6b3f770 flushing  nmethod 0x0000028bae2bdb90
Event: 1624.393 Thread 0x0000028bb6b3f770 flushing  nmethod 0x0000028bae2be510
Event: 1624.393 Thread 0x0000028bb6b3f770 flushing  nmethod 0x0000028bae545a10
Event: 1624.393 Thread 0x0000028bb6b3f770 flushing  nmethod 0x0000028bae54a090
Event: 1624.393 Thread 0x0000028bb6b3f770 flushing  nmethod 0x0000028bae560c10
Event: 1624.393 Thread 0x0000028bb6b3f770 flushing  nmethod 0x0000028bae562b10
Event: 1624.393 Thread 0x0000028bb6b3f770 flushing  nmethod 0x0000028bae567f90
Event: 1624.393 Thread 0x0000028bb6b3f770 flushing  nmethod 0x0000028bae584210
Event: 1624.394 Thread 0x0000028bb6b3f770 flushing  nmethod 0x0000028bae5b2a90
Event: 1624.394 Thread 0x0000028bb6b3f770 flushing  nmethod 0x0000028bae5c9e10
Event: 1624.394 Thread 0x0000028bb6b3f770 flushing  nmethod 0x0000028bae5df490

Events (20 events):
Event: 1608.135 Thread 0x0000028bb6b2c000 Thread added: 0x0000028bfe742880
Event: 1608.136 Thread 0x0000028bb6b2c000 Thread added: 0x0000028bfc26b220
Event: 1608.136 Thread 0x0000028bb6b2c000 Thread added: 0x0000028bfe976e40
Event: 1613.245 Thread 0x0000028bfe976e40 Thread exited: 0x0000028bfe976e40
Event: 1619.288 Thread 0x0000028bfc26b220 Thread exited: 0x0000028bfc26b220
Event: 1619.288 Thread 0x0000028bfe742880 Thread exited: 0x0000028bfe742880
Event: 1624.261 Thread 0x0000028bff358ae0 Thread added: 0x0000028bff355330
Event: 1624.294 Thread 0x0000028bff355330 Thread exited: 0x0000028bff355330
Event: 1625.752 Thread 0x0000028bb6b2c000 Thread added: 0x0000028bfe0f0be0
Event: 1630.845 Thread 0x0000028bfe0f0be0 Thread exited: 0x0000028bfe0f0be0
Event: 1649.598 Thread 0x0000028bff354400 Thread added: 0x0000028bff352fc0
Event: 1649.599 Thread 0x0000028bff352fc0 Thread added: 0x0000028bff355330
Event: 1649.608 Thread 0x0000028bff358ae0 Thread added: 0x0000028bff355840
Event: 1649.908 Thread 0x0000028bb6b2c000 Thread added: 0x0000028bfc3d5340
Event: 1649.908 Thread 0x0000028bb6b2c000 Thread added: 0x0000028bfd93a040
Event: 1649.908 Thread 0x0000028bb6b2c000 Thread added: 0x0000028bfd81da60
Event: 1650.020 Thread 0x0000028bff355d50 Thread added: 0x0000028bff357bb0
Event: 1650.021 Thread 0x0000028bff355d50 Thread added: 0x0000028bff3525a0
Event: 1651.987 Thread 0x0000028bfd81da60 Thread exited: 0x0000028bfd81da60
Event: 1653.089 Thread 0x0000028bfd93a040 Thread exited: 0x0000028bfd93a040


Dynamic libraries:
0x00007ff7ad010000 - 0x00007ff7ad01e000 	C:\Users\Korisnik\.jdks\ms-17.0.17\bin\java.exe
0x00007fff0f470000 - 0x00007fff0f668000 	C:\Windows\SYSTEM32\ntdll.dll
0x00007fff0f130000 - 0x00007fff0f1f2000 	C:\Windows\System32\KERNEL32.DLL
0x00007fff0d190000 - 0x00007fff0d486000 	C:\Windows\System32\KERNELBASE.dll
0x00007fff0cb00000 - 0x00007fff0cc00000 	C:\Windows\System32\ucrtbase.dll
0x00007fff08830000 - 0x00007fff08848000 	C:\Users\Korisnik\.jdks\ms-17.0.17\bin\jli.dll
0x00007fff08610000 - 0x00007fff0862e000 	C:\Users\Korisnik\.jdks\ms-17.0.17\bin\VCRUNTIME140.dll
0x00007fff0ef20000 - 0x00007fff0f0c1000 	C:\Windows\System32\USER32.dll
0x00007fff0d130000 - 0x00007fff0d152000 	C:\Windows\System32\win32u.dll
0x00007fff0e9f0000 - 0x00007fff0ea1b000 	C:\Windows\System32\GDI32.dll
0x00007ffee7d60000 - 0x00007ffee7ffb000 	C:\Windows\WinSxS\amd64_microsoft.windows.common-controls_6595b64144ccf1df_6.0.19041.6456_none_60b8a6cb71f64256\COMCTL32.dll
0x00007fff0ce10000 - 0x00007fff0cf29000 	C:\Windows\System32\gdi32full.dll
0x00007fff0ebe0000 - 0x00007fff0ec7e000 	C:\Windows\System32\msvcrt.dll
0x00007fff0d090000 - 0x00007fff0d12d000 	C:\Windows\System32\msvcp_win.dll
0x00007fff0eb40000 - 0x00007fff0eb6f000 	C:\Windows\System32\IMM32.DLL
0x00007fff09bf0000 - 0x00007fff09bfc000 	C:\Users\Korisnik\.jdks\ms-17.0.17\bin\vcruntime140_1.dll
0x00007fff07e00000 - 0x00007fff07e89000 	C:\Users\Korisnik\.jdks\ms-17.0.17\bin\msvcp140.dll
0x00007ffea9370000 - 0x00007ffea9fea000 	C:\Users\Korisnik\.jdks\ms-17.0.17\bin\server\jvm.dll
0x00007fff0f200000 - 0x00007fff0f2b1000 	C:\Windows\System32\ADVAPI32.dll
0x00007fff0f390000 - 0x00007fff0f42f000 	C:\Windows\System32\sechost.dll
0x00007fff0d570000 - 0x00007fff0d690000 	C:\Windows\System32\RPCRT4.dll
0x00007fff0d160000 - 0x00007fff0d187000 	C:\Windows\System32\bcrypt.dll
0x00007fff0eb70000 - 0x00007fff0ebdb000 	C:\Windows\System32\WS2_32.dll
0x00007fff016a0000 - 0x00007fff016aa000 	C:\Windows\SYSTEM32\VERSION.dll
0x00007fff0c8b0000 - 0x00007fff0c8fb000 	C:\Windows\SYSTEM32\POWRPROF.dll
0x00007fff016b0000 - 0x00007fff016d7000 	C:\Windows\SYSTEM32\WINMM.dll
0x00007fff0c890000 - 0x00007fff0c8a2000 	C:\Windows\SYSTEM32\UMPDC.dll
0x00007fff0b2d0000 - 0x00007fff0b2e2000 	C:\Windows\SYSTEM32\kernel.appcore.dll
0x00007fff088b0000 - 0x00007fff088ba000 	C:\Users\Korisnik\.jdks\ms-17.0.17\bin\jimage.dll
0x00007fff0a6c0000 - 0x00007fff0a8c1000 	C:\Windows\SYSTEM32\DBGHELP.DLL
0x00007ffefe890000 - 0x00007ffefe8c4000 	C:\Windows\SYSTEM32\dbgcore.DLL
0x00007fff0cc00000 - 0x00007fff0cc82000 	C:\Windows\System32\bcryptPrimitives.dll
0x00007fff07880000 - 0x00007fff0788f000 	C:\Users\Korisnik\.jdks\ms-17.0.17\bin\instrument.dll
0x00007fff085e0000 - 0x00007fff08606000 	C:\Users\Korisnik\.jdks\ms-17.0.17\bin\java.dll
0x00007fff07d20000 - 0x00007fff07df6000 	C:\Users\Korisnik\.jdks\ms-17.0.17\bin\jsvml.dll
0x00007fff0dc00000 - 0x00007fff0e370000 	C:\Windows\System32\SHELL32.dll
0x00007fff0ab10000 - 0x00007fff0b2b5000 	C:\Windows\SYSTEM32\windows.storage.dll
0x00007fff0d6f0000 - 0x00007fff0da44000 	C:\Windows\System32\combase.dll
0x00007fff0c370000 - 0x00007fff0c39b000 	C:\Windows\SYSTEM32\Wldp.dll
0x00007fff0f2c0000 - 0x00007fff0f38d000 	C:\Windows\System32\OLEAUT32.dll
0x00007fff0d4a0000 - 0x00007fff0d54d000 	C:\Windows\System32\SHCORE.dll
0x00007fff0e990000 - 0x00007fff0e9eb000 	C:\Windows\System32\shlwapi.dll
0x00007fff0ca30000 - 0x00007fff0ca54000 	C:\Windows\SYSTEM32\profapi.dll
0x00007fff078b0000 - 0x00007fff078c8000 	C:\Users\Korisnik\.jdks\ms-17.0.17\bin\zip.dll
0x00007fff085c0000 - 0x00007fff085db000 	C:\Users\Korisnik\.jdks\ms-17.0.17\bin\net.dll
0x00007fff05400000 - 0x00007fff0550a000 	C:\Windows\SYSTEM32\WINHTTP.dll
0x00007fff0c150000 - 0x00007fff0c1ba000 	C:\Windows\system32\mswsock.dll
0x00007fff085a0000 - 0x00007fff085b6000 	C:\Users\Korisnik\.jdks\ms-17.0.17\bin\nio.dll
0x00007fff07890000 - 0x00007fff07899000 	C:\Users\Korisnik\.jdks\ms-17.0.17\bin\extnet.dll
0x00007fff0be90000 - 0x00007fff0bf5a000 	C:\Windows\SYSTEM32\DNSAPI.dll
0x00007fff0be50000 - 0x00007fff0be8b000 	C:\Windows\SYSTEM32\IPHLPAPI.DLL
0x00007fff0d550000 - 0x00007fff0d558000 	C:\Windows\System32\NSI.dll
0x00007fff04100000 - 0x00007fff0410a000 	C:\Windows\System32\rasadhlp.dll
0x00007fff01900000 - 0x00007fff01980000 	C:\Windows\System32\fwpuclnt.dll
0x00007fff07870000 - 0x00007fff0787a000 	C:\Users\Korisnik\.jdks\ms-17.0.17\bin\management.dll
0x00007fff07810000 - 0x00007fff0781c000 	C:\Users\Korisnik\.jdks\ms-17.0.17\bin\management_ext.dll
0x00007fff0d490000 - 0x00007fff0d498000 	C:\Windows\System32\PSAPI.DLL
0x00007fff0c3b0000 - 0x00007fff0c3c8000 	C:\Windows\SYSTEM32\CRYPTSP.dll
0x00007fff0ba90000 - 0x00007fff0bac8000 	C:\Windows\system32\rsaenh.dll
0x00007fff0c9b0000 - 0x00007fff0c9de000 	C:\Windows\SYSTEM32\USERENV.dll
0x00007fff0c2e0000 - 0x00007fff0c2ec000 	C:\Windows\SYSTEM32\CRYPTBASE.dll
0x00007fff05990000 - 0x00007fff059a7000 	C:\Windows\SYSTEM32\dhcpcsvc6.DLL
0x00007fff05720000 - 0x00007fff0573d000 	C:\Windows\SYSTEM32\dhcpcsvc.DLL
0x00007ffee6de0000 - 0x00007ffee6df7000 	C:\Windows\system32\napinsp.dll
0x00007ffef6600000 - 0x00007ffef661b000 	C:\Windows\system32\pnrpnsp.dll
0x00007fff09030000 - 0x00007fff0904d000 	C:\Windows\system32\wshbth.dll
0x00007fff07480000 - 0x00007fff0749d000 	C:\Windows\system32\NLAapi.dll
0x00007ffee6cf0000 - 0x00007ffee6d02000 	C:\Windows\System32\winrnr.dll
0x00007ffee89a0000 - 0x00007ffee89f1000 	C:\Windows\SYSTEM32\pdh.dll
0x00007fff07840000 - 0x00007fff0784f000 	C:\Windows\System32\perfproc.dll
0x00007fff078a0000 - 0x00007fff078ae000 	C:\Users\Korisnik\.jdks\ms-17.0.17\bin\sunmscapi.dll
0x00007fff0cf30000 - 0x00007fff0d08d000 	C:\Windows\System32\CRYPT32.dll
0x00007fff0c530000 - 0x00007fff0c557000 	C:\Windows\SYSTEM32\ncrypt.dll
0x00007fff0c4f0000 - 0x00007fff0c52b000 	C:\Windows\SYSTEM32\NTASN1.dll
0x00007ffe90620000 - 0x00007ffe90627000 	C:\Windows\system32\wshunix.dll

dbghelp: loaded successfully - version: 4.0.5 - missing functions: none
symbol engine: initialized successfully - sym options: 0x614 - pdb path: .;C:\Users\Korisnik\.jdks\ms-17.0.17\bin;C:\Windows\SYSTEM32;C:\Windows\WinSxS\amd64_microsoft.windows.common-controls_6595b64144ccf1df_6.0.19041.6456_none_60b8a6cb71f64256;C:\Users\Korisnik\.jdks\ms-17.0.17\bin\server

VM Arguments:
jvm_args: -XX:TieredStopAtLevel=1 -Dspring.output.ansi.enabled=always -Dcom.sun.management.jmxremote -Dspring.jmx.enabled=true -Dspring.liveBeansView.mbeanDomain -Dspring.application.admin.enabled=true -Dmanagement.endpoints.jmx.exposure.include=* -javaagent:C:\Users\Korisnik\AppData\Local\Programs\IntelliJ IDEA 2025.3.1\lib\idea_rt.jar=59914 -Dfile.encoding=UTF-8 
java_command: net.javaguides.springboot_jutjubic.SpringbootJutjubicApplication
java_class_path (initial): C:\Users\Korisnik\Desktop\ISA\back\isa-tim25-be\target\classes;C:\Users\Korisnik\.m2\repository\org\springframework\boot\spring-boot-starter\3.5.10-SNAPSHOT\spring-boot-starter-3.5.10-20260122.100249-28.jar;C:\Users\Korisnik\.m2\repository\org\springframework\boot\spring-boot\3.5.10-SNAPSHOT\spring-boot-3.5.10-20260122.100249-28.jar;C:\Users\Korisnik\.m2\repository\org\springframework\boot\spring-boot-autoconfigure\3.5.10-SNAPSHOT\spring-boot-autoconfigure-3.5.10-20260122.100249-28.jar;C:\Users\Korisnik\.m2\repository\org\springframework\boot\spring-boot-starter-logging\3.5.10-SNAPSHOT\spring-boot-starter-logging-3.5.10-20260122.100249-28.jar;C:\Users\Korisnik\.m2\repository\ch\qos\logback\logback-classic\1.5.25\logback-classic-1.5.25.jar;C:\Users\Korisnik\.m2\repository\ch\qos\logback\logback-core\1.5.25\logback-core-1.5.25.jar;C:\Users\Korisnik\.m2\repository\org\apache\logging\log4j\log4j-to-slf4j\2.24.3\log4j-to-slf4j-2.24.3.jar;C:\Users\Korisnik\.m2\repository\org\apache\logging\log4j\log4j-api\2.24.3\log4j-api-2.24.3.jar;C:\Users\Korisnik\.m2\repository\org\slf4j\jul-to-slf4j\2.0.17\jul-to-slf4j-2.0.17.jar;C:\Users\Korisnik\.m2\repository\jakarta\annotation\jakarta.annotation-api\2.1.1\jakarta.annotation-api-2.1.1.jar;C:\Users\Korisnik\.m2\repository\org\springframework\spring-core\6.2.15\spring-core-6.2.15.jar;C:\Users\Korisnik\.m2\repository\org\springframework\spring-jcl\6.2.15\spring-jcl-6.2.15.jar;C:\Users\Korisnik\.m2\repository\org\yaml\snakeyaml\2.4\snakeyaml-2.4.jar;C:\Users\Korisnik\.m2\repository\jakarta\xml\bind\jakarta.xml.bind-api\4.0.4\jakarta.xml.bind-api-4.0.4.jar;C:\Users\Korisnik\.m2\repository\jakarta\activation\jakarta.activation-api\2.1.4\jakarta.activation-api-2.1.4.jar;C:\Users\Korisnik\.m2\repository\net\bytebuddy\byte-buddy\1.17.8\byte-buddy-1.17.8.jar;C:\Users\Korisnik\.m2\repository\org\springframework\boot\spring-boot-starter-security\3.5.10-SNAPSHOT\spring-boot-starter-security-3.5.10-20260122.100249-2
Launcher Type: SUN_STANDARD

[Global flags]
     intx CICompilerCount                          = 4                                         {product} {ergonomic}
     uint ConcGCThreads                            = 3                                         {product} {ergonomic}
     uint G1ConcRefinementThreads                  = 10                                        {product} {ergonomic}
   size_t G1HeapRegionSize                         = 1048576                                   {product} {ergonomic}
    uintx GCDrainStackTargetSize                   = 64                                        {product} {ergonomic}
   size_t InitialHeapSize                          = 98566144                                  {product} {ergonomic}
     bool ManagementServer                         = true                                      {product} {command line}
   size_t MarkStackSize                            = 4194304                                   {product} {ergonomic}
   size_t MaxHeapSize                              = 1574961152                                {product} {ergonomic}
   size_t MaxNewSize                               = 944766976                                 {product} {ergonomic}
   size_t MinHeapDeltaBytes                        = 1048576                                   {product} {ergonomic}
   size_t MinHeapSize                              = 8388608                                   {product} {ergonomic}
    uintx NonProfiledCodeHeapSize                  = 0                                      {pd product} {ergonomic}
     bool ProfileInterpreter                       = false                                  {pd product} {command line}
    uintx ProfiledCodeHeapSize                     = 0                                      {pd product} {ergonomic}
   size_t SoftMaxHeapSize                          = 1574961152                             {manageable} {ergonomic}
     intx TieredStopAtLevel                        = 1                                         {product} {command line}
     bool UseCompressedClassPointers               = true                           {product lp64_product} {ergonomic}
     bool UseCompressedOops                        = true                           {product lp64_product} {ergonomic}
     bool UseG1GC                                  = true                                      {product} {ergonomic}
     bool UseLargePagesIndividualAllocation        = false                                  {pd product} {ergonomic}

Logging:
Log output configuration:
 #0: stdout all=warning uptime,level,tags
 #1: stderr all=off uptime,level,tags

Environment Variables:
PATH=C:\app\Korisnik\product\21c\dbhomeXE\bin;C:\Windows\system32;C:\Windows;C:\Windows\System32\Wbem;C:\Windows\System32\WindowsPowerShell\v1.0\;C:\Windows\System32\OpenSSH\;C:\msys64\mingw64\bin;C:\Program Files\MATLAB\R2023b\bin;C:\Program Files\Git\cmd;C:\Program Files\dotnet\;C:\Program Files\nodejs\;C:\Program Files\Microsoft SQL Server\170\Tools\Binn\;C:\Program Files\Microsoft SQL Server\Client SDK\ODBC\170\Tools\Binn\;C:\Program Files (x86)\Windows Kits\10\Windows Performance Toolkit\;C:\Program Files\Microsoft SQL Server\150\Tools\Binn\;C:\Program Files\Docker\Docker\resources\bin;C:\Users\Korisnik\AppData\Local\Programs\Python\Python312\Scripts\;C:\Users\Korisnik\AppData\Local\Programs\Python\Python312\;C:\Users\Korisnik\AppData\Local\Microsoft\WindowsApps;C:\intelFPGA_lite\18.0\modelsim_ase\win32aloem;C:\Users\Korisnik\AppData\Local\Programs\Microsoft VS Code\bin;C:\Users\Korisnik\.dotnet\tools;C:\Users\Korisnik\AppData\Roaming\npm
USERNAME=Korisnik
OS=Windows_NT
PROCESSOR_IDENTIFIER=AMD64 Family 23 Model 104 Stepping 1, AuthenticAMD
TMP=C:\Users\Korisnik\AppData\Local\Temp
TEMP=C:\Users\Korisnik\AppData\Local\Temp



Periodic native trim disabled


---------------  S Y S T E M  ---------------

OS:
 Windows 10 , 64 bit Build 19041 (10.0.19041.5915)
OS uptime: 1 days 0:04 hours
Hyper-V role detected

CPU: total 12 (initial active 12) (12 cores per cpu, 2 threads per core) family 23 model 104 stepping 1 microcode 0x0, cx8, cmov, fxsr, ht, mmx, 3dnowpref, sse, sse2, sse3, ssse3, sse4a, sse4.1, sse4.2, popcnt, lzcnt, tsc, tscinvbit, avx, avx2, aes, clmul, bmi1, bmi2, adx, sha, fma, vzeroupper, clflush, clflushopt, hv
Processor Information for the first 12 processors :
  Max Mhz: 2100, Current Mhz: 2100, Mhz Limit: 2100

Memory: 4k page, system-wide physical 6005M (60M free)
TotalPageFile size 24437M (AvailPageFile size 6M)
current process WorkingSet (physical memory assigned to process): 297M, peak: 381M
current process commit charge ("private bytes"): 1123M, peak: 1124M

vm_info: OpenJDK 64-Bit Server VM (17.0.17+10-LTS) for windows-amd64 JRE (17.0.17+10-LTS), built on Oct 13 2025 22:19:56 by "MicrosoftCorporation" with unknown MS VC++:1944

END.
