#
# There is insufficient memory for the Java Runtime Environment to continue.
# Native memory allocation (mmap) failed to map 1048576 bytes. Error detail: G1 virtual space
# Possible reasons:
#   The system is out of physical RAM or swap space
#   This process is running with CompressedOops enabled, and the Java Heap may be blocking the growth of the native heap
# Possible solutions:
#   Reduce memory load on the system
#   Increase physical memory or swap space
#   Check if swap backing store is full
#   Decrease Java heap size (-Xmx/-Xms)
#   Decrease number of Java threads
#   Decrease Java thread stack sizes (-Xss)
#   Set larger code cache with -XX:ReservedCodeCacheSize=
#   JVM is running with Unscaled Compressed Oops mode in which the Java heap is
#     placed in the first 4GB address space. The Java Heap base address is the
#     maximum limit for the native heap growth. Please use -XX:HeapBaseMinAddress
#     to set the Java Heap base and to place the Java Heap above 4GB virtual address.
# This output file may be truncated or incomplete.
#
#  Out of Memory Error (os_windows.cpp:3690), pid=7680, tid=24896
#
# JRE version: OpenJDK Runtime Environment Microsoft-12574423 (17.0.17+10) (build 17.0.17+10-LTS)
# Java VM: OpenJDK 64-Bit Server VM Microsoft-12574423 (17.0.17+10-LTS, mixed mode, emulated-client, sharing, tiered, compressed oops, compressed class ptrs, g1 gc, windows-amd64)
# No core dump will be written. Minidumps are not enabled by default on client versions of Windows
#

---------------  S U M M A R Y ------------

Command Line: -XX:TieredStopAtLevel=1 -Dspring.output.ansi.enabled=always -Dcom.sun.management.jmxremote -Dspring.jmx.enabled=true -Dspring.liveBeansView.mbeanDomain -Dspring.application.admin.enabled=true -Dmanagement.endpoints.jmx.exposure.include=* -javaagent:C:\Users\Korisnik\AppData\Local\Programs\IntelliJ IDEA 2025.3.1\lib\idea_rt.jar=54677 -Dfile.encoding=UTF-8 net.javaguides.springboot_jutjubic.SpringbootJutjubicApplication

Host: AMD Ryzen 5 5500U with Radeon Graphics         , 12 cores, 5G,  Windows 10 , 64 bit Build 19041 (10.0.19041.5915)
Time: Sun Feb 15 13:21:24 2026 Central Europe Standard Time elapsed time: 41.877678 seconds (0d 0h 0m 41s)

---------------  T H R E A D  ---------------

Current thread (0x000001785de24900):  JavaThread "Ehcache [_default_]-0" daemon [_thread_in_vm, id=24896, stack(0x0000003315700000,0x0000003315800000)]

Stack: [0x0000003315700000,0x0000003315800000]
Native frames: (J=compiled Java code, j=interpreted, Vv=VM code, C=native code)
V  [jvm.dll+0x68c459]  (no source info available)
V  [jvm.dll+0x845e09]  (no source info available)
V  [jvm.dll+0x847b78]  (no source info available)
V  [jvm.dll+0x848203]  (no source info available)
V  [jvm.dll+0x24cf6f]  (no source info available)
V  [jvm.dll+0x68b859]  (no source info available)
V  [jvm.dll+0x67fe1a]  (no source info available)
V  [jvm.dll+0x3100f0]  (no source info available)
V  [jvm.dll+0x30ff92]  (no source info available)
V  [jvm.dll+0x3174e9]  (no source info available)
V  [jvm.dll+0x3694a9]  (no source info available)
V  [jvm.dll+0x369ae1]  (no source info available)
V  [jvm.dll+0x369696]  (no source info available)
V  [jvm.dll+0x2e6df2]  (no source info available)
V  [jvm.dll+0x2e3002]  (no source info available)
V  [jvm.dll+0x620ef3]  (no source info available)
V  [jvm.dll+0x215c05]  (no source info available)
V  [jvm.dll+0x810802]  (no source info available)
V  [jvm.dll+0x18c82e]  (no source info available)
C  0x0000017808fc2bf2  (no source info available)

The last pc belongs to new_type_array Runtime1 stub (printed below).
Java frames: (J=compiled Java code, j=interpreted, Vv=VM code)
v  ~RuntimeStub::new_type_array Runtime1 stub
J 874 c1 java.lang.String.encodeUTF8(B[BZ)[B java.base@17.0.17 (140 bytes) @ 0x000001780918cbdc [0x000001780918c780+0x000000000000045c]
J 873 c1 java.lang.String.encode(Ljava/nio/charset/Charset;B[B)[B java.base@17.0.17 (48 bytes) @ 0x000001780918c024 [0x000001780918bf60+0x00000000000000c4]
J 6379 c1 java.lang.String.getBytes(Ljava/nio/charset/Charset;)[B java.base@17.0.17 (25 bytes) @ 0x0000017809a42214 [0x0000017809a421c0+0x0000000000000054]
j  ch.qos.logback.core.encoder.LayoutWrappingEncoder.convertToBytes(Ljava/lang/String;)[B+17
j  ch.qos.logback.core.encoder.LayoutWrappingEncoder.encode(Ljava/lang/Object;)[B+13
j  ch.qos.logback.core.OutputStreamAppender.writeOut(Ljava/lang/Object;)V+5
j  ch.qos.logback.core.OutputStreamAppender.subAppend(Ljava/lang/Object;)V+26
j  ch.qos.logback.core.OutputStreamAppender.append(Ljava/lang/Object;)V+10
j  ch.qos.logback.core.UnsynchronizedAppenderBase.doAppend(Ljava/lang/Object;)V+84
j  ch.qos.logback.core.spi.AppenderAttachableImpl.appendLoopOnAppenders(Ljava/lang/Object;)I+32
J 8454 c1 ch.qos.logback.classic.Logger.appendLoopOnAppenders(Lch/qos/logback/classic/spi/ILoggingEvent;)I (18 bytes) @ 0x0000017809d9c704 [0x0000017809d9c6c0+0x0000000000000044]
j  ch.qos.logback.classic.Logger.callAppenders(Lch/qos/logback/classic/spi/ILoggingEvent;)V+11
J 10569 c1 ch.qos.logback.classic.Logger.filterAndLog_0_Or3Plus(Ljava/lang/String;Lorg/slf4j/Marker;Lch/qos/logback/classic/Level;Ljava/lang/String;[Ljava/lang/Object;Ljava/lang/Throwable;)V (61 bytes) @ 0x0000017809005294 [0x0000017809005080+0x0000000000000214]
j  ch.qos.logback.classic.Logger.info(Ljava/lang/String;[Ljava/lang/Object;)V+11
j  net.javaguides.springboot_jutjubic.logger.CacheLogger.onEvent(Lorg/ehcache/event/CacheEvent;)V+46
j  org.ehcache.core.events.EventListenerWrapper.onEvent(Lorg/ehcache/event/CacheEvent;)V+5
j  org.ehcache.impl.events.EventDispatchTask.run()V+50
j  java.util.concurrent.Executors$RunnableAdapter.call()Ljava/lang/Object;+4 java.base@17.0.17
j  java.util.concurrent.FutureTask.run()V+39 java.base@17.0.17
j  java.util.concurrent.ThreadPoolExecutor.runWorker(Ljava/util/concurrent/ThreadPoolExecutor$Worker;)V+92 java.base@17.0.17
j  java.util.concurrent.ThreadPoolExecutor$Worker.run()V+5 java.base@17.0.17
j  java.lang.Thread.run()V+11 java.base@17.0.17
v  ~StubRoutines::call_stub
--------------------------------------------------------------------------------
Decoding CodeBlob, name: new_type_array Runtime1 stub, at  [0x0000017808fc2b00, 0x0000017808fc2d10]  528 bytes
[MachCode]
  0x0000017808fc2b00: 5548 8bec | 4881 ec80 | 0000 0048 | 8944 2478 | 4889 4c24 | 7048 8954 | 2468 4889 | 5c24 6048 
  0x0000017808fc2b20: 896c 2450 | 4889 7424 | 4848 897c | 2440 4c89 | 4424 384c | 894c 2430 | 4c89 5424 | 284c 895c 
  0x0000017808fc2b40: 2420 4c89 | 6424 184c | 896c 2410 | 4c89 7424 | 084c 893c | 2448 81ec | 1004 0000 | c5fb 1144 
  0x0000017808fc2b60: 2428 c5fb | 114c 2430 | c5fb 1154 | 2438 c5fb | 115c 2440 | c5fb 1164 | 2448 c5fb | 116c 2450 
  0x0000017808fc2b80: c5fb 1174 | 2458 c5fb | 117c 2460 | c57b 1144 | 2468 c57b | 114c 2470 | c57b 1154 | 2478 c57b 
  0x0000017808fc2ba0: 119c 2480 | 0000 00c5 | 7b11 a424 | 8800 0000 | c57b 11ac | 2490 0000 | 00c5 7b11 | b424 9800 
  0x0000017808fc2bc0: 0000 c57b | 11bc 24a0 | 0000 0048 | 8bd2 4c8b | c349 8bcf | c5f8 7749 | 89af b002 | 0000 4989 
  0x0000017808fc2be0: a7a0 0200 | 0049 ba00 | c8f5 b1fa | 7f00 0041 | ffd2 49c7 | 87a0 0200 | 0000 0000 | 0049 c787 
  0x0000017808fc2c00: b002 0000 | 0000 0000 | 49c7 87a8 | 0200 0000 | 0000 00c5 | f877 4981 | 7f08 0000 | 0000 0f84 
  0x0000017808fc2c20: 1400 0000 | 498b 4708 | 49c7 87f8 | 0200 0000 | 0000 00e9 | e8e3 ffff | 498b 87f8 | 0200 0049 
  0x0000017808fc2c40: c787 f802 | 0000 0000 | 0000 c5fb | 1044 2428 | c5fb 104c | 2430 c5fb | 1054 2438 | c5fb 105c 
  0x0000017808fc2c60: 2440 c5fb | 1064 2448 | c5fb 106c | 2450 c5fb | 1074 2458 | c5fb 107c | 2460 c57b | 1044 2468 
  0x0000017808fc2c80: c57b 104c | 2470 c57b | 1054 2478 | c57b 109c | 2480 0000 | 00c5 7b10 | a424 8800 | 0000 c57b 
  0x0000017808fc2ca0: 10ac 2490 | 0000 00c5 | 7b10 b424 | 9800 0000 | c57b 10bc | 24a0 0000 | 0048 81c4 | 1004 0000 
  0x0000017808fc2cc0: 4c8b 3c24 | 4c8b 7424 | 084c 8b6c | 2410 4c8b | 6424 184c | 8b5c 2420 | 4c8b 5424 | 284c 8b4c 
  0x0000017808fc2ce0: 2430 4c8b | 4424 3848 | 8b7c 2440 | 488b 7424 | 4848 8b6c | 2450 488b | 5c24 6048 | 8b54 2468 
  0x0000017808fc2d00: 488b 4c24 | 7048 81c4 | 8000 0000 | c9c3 6690 
[/MachCode]
--------------------------------------------------------------------------------


Compiled method (c1) 41972  874       1       java.lang.String::encodeUTF8 (140 bytes)
 total in heap  [0x000001780918c590,0x000001780918cf48] = 2488
 relocation     [0x000001780918c6f0,0x000001780918c780] = 144
 main code      [0x000001780918c780,0x000001780918cc60] = 1248
 stub code      [0x000001780918cc60,0x000001780918ccd8] = 120
 metadata       [0x000001780918ccd8,0x000001780918ccf0] = 24
 scopes data    [0x000001780918ccf0,0x000001780918cdd8] = 232
 scopes pcs     [0x000001780918cdd8,0x000001780918cf08] = 304
 dependencies   [0x000001780918cf08,0x000001780918cf10] = 8
 nul chk table  [0x000001780918cf10,0x000001780918cf48] = 56

[Constant Pool (empty)]

[MachCode]
[Verified Entry Point]
  # {method} {0x00000178134286b8} 'encodeUTF8' '(B[BZ)[B' in 'java/lang/String'
  # parm0:    rdx       = byte
  # parm1:    r8:r8     = '[B'
  # parm2:    r9        = boolean
  #           [sp+0xc0]  (sp of caller)
  0x000001780918c780: 8984 2400 | 90ff ff55 | 4881 ecb0 | 0000 0083 | fa01 0f84 | 8d03 0000 

  0x000001780918c798: ; implicit exception: dispatches to 0x000001780918cb4a
  0x000001780918c798: 418b 700c | ba00 0000 | 00e9 2000 | 0000 6690 | 4863 fa41 | 0fbe 7c38 | 1083 ff00 | 0f8c 1600 
  0x000001780918c7b8: 0000 ffc2 | 4d8b 9758 

  0x000001780918c7c0: ; ImmutableOopMap {r8=Oop }
                      ;*goto {reexecute=1 rethrow=0 return_oop=0}
                      ; - (reexecute) java.lang.StringCoding::hasNegatives@20 (line 39)
                      ; - java.lang.String::encodeUTF8@15 (line 1266)
                      ;   {poll}
  0x000001780918c7c0: 0300 0041 | 8502 3bd6 | 0f8d 0c00 | 0000 ebd8 | ba01 0000 | 00e9 0500 | 0000 ba00 | 0000 0083 
  0x000001780918c7e0: fa00 0f84 | 1c02 0000 | 4c89 8424 | 8800 0000 | 488b d689 | b424 8000 | 0000 0f1f 

  0x000001780918c7fc: ;   {static_call}
  0x000001780918c7fc: 4400 00e8 

  0x000001780918c800: ; ImmutableOopMap {[136]=Oop }
                      ;*invokestatic newBytesFor {reexecute=0 rethrow=0 return_oop=0}
                      ; - java.lang.String::encodeUTF8@32 (line 1270)
  0x000001780918c800: 7c51 d9ff | 4c8b c0b8 | 0000 0000 | 41b9 0000 | 0000 448b | 9c24 8000 | 0000 4c8b | ac24 8800 
  0x000001780918c820: 0000 e985 | 0000 0090 | 4863 d841 | 0fbe 5c1d | 1083 fb00 | 0f8d 4c00 | 0000 488b | d381 e2ff 
  0x000001780918c840: 0000 00c1 | fa06 81ca | c000 0000 

  0x000001780918c84c: ; implicit exception: dispatches to 0x000001780918cb4f
  0x000001780918c84c: 453b 480c | 0f83 0303 | 0000 4963 | f141 8854 | 3010 41ff | c149 8bd1 | ffc2 83e3 | 3f81 cb80 
  0x000001780918c86c: 0000 0045 | 3b48 0c0f | 83ee 0200 | 004d 63c9 | 4388 5c08 | 10e9 1700 | 0000 498b | d1ff c245 
  0x000001780918c88c: 3b48 0c0f | 83ea 0200 | 004d 63c9 | 4388 5c08 | 10ff c04d | 8b97 5803 

  0x000001780918c8a4: ; ImmutableOopMap {r8=Oop r13=Oop }
                      ;*goto {reexecute=1 rethrow=0 return_oop=0}
                      ; - (reexecute) java.lang.String::encodeUTF8@120 (line 1271)
                      ;   {poll}
  0x000001780918c8a4: 0000 4185 | 024c 8bca | 413b c30f | 8c73 ffff | ff45 8b58 | 0c45 3bcb | 0f85 1900 | 0000 498b 
  0x000001780918c8c4: c048 81c4 | b000 0000 

  0x000001780918c8cc: ;   {poll_return}
  0x000001780918c8cc: 5d49 3ba7 | 5003 0000 | 0f87 b802 | 0000 c349 

  0x000001780918c8dc: ;   {metadata({type array byte})}
  0x000001780918c8dc: 8bd9 48ba | 2867 0013 | 7801 0000 | 4863 db48 | 8bfb 4881 | fbff ffff | 000f 87ad | 0200 0048 
  0x000001780918c8fc: be17 0000 | 0000 0000 | 0048 8d34 | 1e48 83e6 | f849 8b87 | 0801 0000 | 488d 3430 | 493b b718 
  0x000001780918c91c: 0100 000f | 8783 0200 | 0049 89b7 | 0801 0000 | 482b f048 | c700 0100 | 0000 488b | ca49 ba00 
  0x000001780918c93c: 0000 1378 | 0100 0049 | 2bca 8948 | 0889 580c | 4883 ee10 | 0f84 1a00 | 0000 4885 | f60f 8411 
  0x000001780918c95c: 0000 0048 | 33db 48c1 | ee03 4889 | 5cf0 0848 | ffce 75f6 | 453b d949 | 8bf1 490f | 4ef3 498b 
  0x000001780918c97c: d041 b800 | 0000 004c | 8bc8 bf00 | 0000 0048 | 8984 2490 | 0000 0049 | 8d0c 303b | 4a0c 0f87 
  0x000001780918c99c: 1202 0000 | 85f6 0f8c | 0a02 0000 | 4d63 c048 | 63ff 4a8d | 4c02 1049 | 8d54 3910 | 4c8b c648 
  0x000001780918c9bc: 83ec 20f7 | c40f 0000 | 000f 8412 | 0000 0048 

  0x000001780918c9cc: ;   {runtime_call StubRoutines (2)}
  0x000001780918c9cc: 83ec 08e8 | 8cb5 d7ff | 4883 c408 | e905 0000 

  0x000001780918c9dc: ;   {runtime_call StubRoutines (2)}
  0x000001780918c9dc: 00e8 7eb5 | d7ff 4883 | c420 488b | 8424 9000 | 0000 4881 | c4b0 0000 

  0x000001780918c9f4: ;   {poll_return}
  0x000001780918c9f4: 005d 493b | a750 0300 | 000f 87be | 0100 00c3 | 4c8b de4d | 8be8 498b 

  0x000001780918ca0c: ;   {metadata({type array byte})}
  0x000001780918ca0c: db48 ba28 | 6700 1378 | 0100 0048 | 63db 488b | fb48 81fb | ffff ff00 | 0f87 ad01 | 0000 48be 
  0x000001780918ca2c: 1700 0000 | 0000 0000 | 488d 341e | 4883 e6f8 | 498b 8708 | 0100 0048 | 8d34 3049 | 3bb7 1801 
  0x000001780918ca4c: 0000 0f87 | 8301 0000 | 4989 b708 | 0100 0048 | 2bf0 48c7 | 0001 0000 | 0048 8bca | 49ba 0000 
  0x000001780918ca6c: 0013 7801 | 0000 492b | ca89 4808 | 8958 0c48 | 83ee 100f | 841a 0000 | 0048 85f6 | 0f84 1100 
  0x000001780918ca8c: 0000 4833 | db48 c1ee | 0348 895c | f008 48ff | ce75 f649 | 8bd5 41b8 | 0000 0000 | 4c8b c8bf 
  0x000001780918caac: 0000 0000 | 498b f348 | 8984 2498 | 0000 0048 | 8d0c 3741 | 3b49 0c0f | 8718 0100 | 004d 63c0 
  0x000001780918cacc: 4863 ff4a | 8d4c 0210 | 498d 5439 | 104c 8bc6 | 4883 ec20 | f7c4 0f00 | 0000 0f84 | 1200 0000 
  0x000001780918caec: 4883 ec08 

  0x000001780918caf0: ;   {runtime_call StubRoutines (2)}
  0x000001780918caf0: e86b b4d7 | ff48 83c4 | 08e9 0500 

  0x000001780918cafc: ;   {runtime_call StubRoutines (2)}
  0x000001780918cafc: 0000 e85d | b4d7 ff48 | 83c4 2048 | 8b84 2498 | 0000 0048 | 81c4 b000 

  0x000001780918cb14: ;   {poll_return}
  0x000001780918cb14: 0000 5d49 | 3ba7 5003 | 0000 0f87 | cd00 0000 | c34d 8be8 | 498b d54d 

  0x000001780918cb2c: ;   {static_call}
  0x000001780918cb2c: 8bc1 90e8 

  0x000001780918cb30: ; ImmutableOopMap {}
                      ;*invokestatic encodeUTF8_UTF16 {reexecute=0 rethrow=0 return_oop=0}
                      ; - java.lang.String::encodeUTF8@7 (line 1264)
  0x000001780918cb30: 4101 0000 | 4881 c4b0 | 0000 005d 

  0x000001780918cb3c: ;   {poll_return}
  0x000001780918cb3c: 493b a750 | 0300 000f | 87be 0000 

  0x000001780918cb48: ;   {runtime_call throw_null_pointer_exception Runtime1 stub}
  0x000001780918cb48: 00c3 e8d1 

  0x000001780918cb4c: ; ImmutableOopMap {r8=Oop }
                      ;*arraylength {reexecute=0 rethrow=0 return_oop=0}
                      ; - java.lang.String::encodeUTF8@14 (line 1266)
                      ;   {runtime_call throw_null_pointer_exception Runtime1 stub}
  0x000001780918cb4c: 50e3 ffe8 

  0x000001780918cb50: ; ImmutableOopMap {r8=Oop r13=Oop }
                      ;*bastore {reexecute=0 rethrow=0 return_oop=0}
                      ; - java.lang.String::encodeUTF8@87 (line 1273)
  0x000001780918cb50: cc50 e3ff 

  0x000001780918cb54: ;   {runtime_call throw_null_pointer_exception Runtime1 stub}
  0x000001780918cb54: e8c7 50e3 

  0x000001780918cb58: ; ImmutableOopMap {r8=Oop r13=Oop }
                      ;*bastore {reexecute=0 rethrow=0 return_oop=0}
                      ; - java.lang.String::encodeUTF8@87 (line 1273)
  0x000001780918cb58: ff4c 890c | 244c 8944 

  0x000001780918cb60: ;   {runtime_call throw_range_check_failed Runtime1 stub}
  0x000001780918cb60: 2408 e8b9 

  0x000001780918cb64: ; ImmutableOopMap {r8=Oop r13=Oop }
                      ;*bastore {reexecute=0 rethrow=0 return_oop=0}
                      ; - java.lang.String::encodeUTF8@87 (line 1273)
  0x000001780918cb64: 47e3 ff4c | 890c 244c | 8944 2408 

  0x000001780918cb70: ;   {runtime_call throw_range_check_failed Runtime1 stub}
  0x000001780918cb70: e8ab 47e3 

  0x000001780918cb74: ; ImmutableOopMap {r8=Oop r13=Oop }
                      ;*bastore {reexecute=0 rethrow=0 return_oop=0}
                      ; - java.lang.String::encodeUTF8@104 (line 1274)
                      ;   {runtime_call throw_null_pointer_exception Runtime1 stub}
  0x000001780918cb74: ffe8 a650 

  0x000001780918cb78: ; ImmutableOopMap {r8=Oop r13=Oop }
                      ;*bastore {reexecute=0 rethrow=0 return_oop=0}
                      ; - java.lang.String::encodeUTF8@116 (line 1276)
                      ;   {runtime_call throw_null_pointer_exception Runtime1 stub}
  0x000001780918cb78: e3ff e8a1 

  0x000001780918cb7c: ; ImmutableOopMap {r8=Oop r13=Oop }
                      ;*bastore {reexecute=0 rethrow=0 return_oop=0}
                      ; - java.lang.String::encodeUTF8@116 (line 1276)
  0x000001780918cb7c: 50e3 ff4c | 890c 244c | 8944 2408 

  0x000001780918cb88: ;   {runtime_call throw_range_check_failed Runtime1 stub}
  0x000001780918cb88: e893 47e3 

  0x000001780918cb8c: ; ImmutableOopMap {r8=Oop r13=Oop }
                      ;*bastore {reexecute=0 rethrow=0 return_oop=0}
                      ; - java.lang.String::encodeUTF8@116 (line 1276)
                      ;   {runtime_call throw_null_pointer_exception Runtime1 stub}
  0x000001780918cb8c: ffe8 8e50 

  0x000001780918cb90: ; ImmutableOopMap {r8=Oop }
                      ;*arraylength {reexecute=0 rethrow=0 return_oop=0}
                      ; - java.lang.String::encodeUTF8@126 (line 1279)
                      ;   {internal_word}
  0x000001780918cb90: e3ff 49ba | cdc8 1809 | 7801 0000 | 4d89 9768 

  0x000001780918cba0: ;   {runtime_call SafepointBlob}
  0x000001780918cba0: 0300 00e9 | 58ae d9ff 

  0x000001780918cba8: ;   {runtime_call new_type_array Runtime1 stub}
  0x000001780918cba8: e853 5fe3 

  0x000001780918cbac: ; ImmutableOopMap {r8=Oop }
                      ;*newarray {reexecute=0 rethrow=0 return_oop=0}
                      ; - java.util.Arrays::copyOf@1 (line 3537)
                      ; - java.lang.String::encodeUTF8@136 (line 1281)
  0x000001780918cbac: ffe9 befd | ffff 0f1f 

  0x000001780918cbb4: ;   {static_call}
  0x000001780918cbb4: 4400 00e8 

  0x000001780918cbb8: ; ImmutableOopMap {[144]=Oop }
                      ;*invokestatic arraycopy {reexecute=0 rethrow=0 return_oop=0}
                      ; - java.util.Arrays::copyOf@14 (line 3538)
                      ; - java.lang.String::encodeUTF8@136 (line 1281)
  0x000001780918cbb8: c44d d9ff | e925 feff 

  0x000001780918cbc0: ;   {internal_word}
  0x000001780918cbc0: ff49 baf6 | c918 0978 | 0100 004d | 8997 6803 

  0x000001780918cbd0: ;   {runtime_call SafepointBlob}
  0x000001780918cbd0: 0000 e929 

  0x000001780918cbd4: ;   {runtime_call new_type_array Runtime1 stub}
  0x000001780918cbd4: aed9 ffe8 

  0x000001780918cbd8: ; ImmutableOopMap {r13=Oop }
                      ;*newarray {reexecute=0 rethrow=0 return_oop=0}
                      ; - java.util.Arrays::copyOf@1 (line 3537)
                      ; - java.lang.String::encodeUTF8@24 (line 1267)
  0x000001780918cbd8: 245f e3ff | e9be feff | ff66 0f1f 

  0x000001780918cbe4: ;   {static_call}
  0x000001780918cbe4: 4400 00e8 

  0x000001780918cbe8: ; ImmutableOopMap {[152]=Oop }
                      ;*invokestatic arraycopy {reexecute=0 rethrow=0 return_oop=0}
                      ; - java.util.Arrays::copyOf@14 (line 3538)
                      ; - java.lang.String::encodeUTF8@24 (line 1267)
  0x000001780918cbe8: 944d d9ff | e916 ffff 

  0x000001780918cbf0: ;   {internal_word}
  0x000001780918cbf0: ff49 ba17 | cb18 0978 | 0100 004d | 8997 6803 

  0x000001780918cc00: ;   {runtime_call SafepointBlob}
  0x000001780918cc00: 0000 e9f9 

  0x000001780918cc04: ;   {internal_word}
  0x000001780918cc04: add9 ff49 | ba3c cb18 | 0978 0100 | 004d 8997 | 6803 0000 

  0x000001780918cc18: ;   {runtime_call SafepointBlob}
  0x000001780918cc18: e9e3 add9 | ff90 9049 | 8b87 e003 | 0000 49c7 | 87e0 0300 | 0000 0000 | 0049 c787 | e803 0000 
  0x000001780918cc38: 0000 0000 | 4881 c4b0 | 0000 005d 

  0x000001780918cc44: ;   {runtime_call unwind_exception Runtime1 stub}
  0x000001780918cc44: e9b7 40e3 | fff4 f4f4 | f4f4 f4f4 | f4f4 f4f4 | f4f4 f4f4 | f4f4 f4f4 | f4f4 f4f4 
[Stub Code]
  0x000001780918cc60: ;   {no_reloc}
  0x000001780918cc60: 0f1f 4400 

  0x000001780918cc64: ;   {static_stub}
  0x000001780918cc64: 0048 bb00 | 0000 0000 

  0x000001780918cc6c: ;   {runtime_call}
  0x000001780918cc6c: 0000 00e9 | fbff ffff 

  0x000001780918cc74: ;   {static_stub}
  0x000001780918cc74: 9048 bb90 | 8d42 1378 

  0x000001780918cc7c: ;   {runtime_call I2C/C2I adapters}
  0x000001780918cc7c: 0100 00e9 | d996 d9ff 

  0x000001780918cc84: ;   {static_stub}
  0x000001780918cc84: 9048 bb00 | 0000 0000 

  0x000001780918cc8c: ;   {runtime_call}
  0x000001780918cc8c: 0000 00e9 | fbff ffff 

  0x000001780918cc94: ;   {static_stub}
  0x000001780918cc94: 9048 bb00 | 0000 0000 

  0x000001780918cc9c: ;   {runtime_call}
  0x000001780918cc9c: 0000 00e9 | fbff ffff 
[Exception Handler]
  0x000001780918cca4: ;   {runtime_call handle_exception_from_callee Runtime1 stub}
  0x000001780918cca4: e857 6de3 

  0x000001780918cca8: ;   {external_word}
  0x000001780918cca8: ff48 b950 | ba70 b2fa | 7f00 0048 

  0x000001780918ccb4: ;   {runtime_call}
  0x000001780918ccb4: 83e4 f049 | ba40 2e39 | b2fa 7f00 | 0041 ffd2 

  0x000001780918ccc4: ;   {section_word}
  0x000001780918ccc4: f449 bac5 | cc18 0978 | 0100 0041 

  0x000001780918ccd0: ;   {runtime_call DeoptimizationBlob}
  0x000001780918ccd0: 52e9 ca9f | d9ff f4f4 
[/MachCode]


Compiled method (c1) 41997  873       1       java.lang.String::encode (48 bytes)
 total in heap  [0x000001780918bd90,0x000001780918c1e0] = 1104
 relocation     [0x000001780918bef0,0x000001780918bf60] = 112
 main code      [0x000001780918bf60,0x000001780918c0c0] = 352
 stub code      [0x000001780918c0c0,0x000001780918c138] = 120
 metadata       [0x000001780918c138,0x000001780918c148] = 16
 scopes data    [0x000001780918c148,0x000001780918c178] = 48
 scopes pcs     [0x000001780918c178,0x000001780918c1d8] = 96
 dependencies   [0x000001780918c1d8,0x000001780918c1e0] = 8

[Constant Pool (empty)]

[MachCode]
[Verified Entry Point]
  # {method} {0x00000178134288c8} 'encode' '(Ljava/nio/charset/Charset;B[B)[B' in 'java/lang/String'
  # parm0:    rdx:rdx   = 'java/nio/charset/Charset'
  # parm1:    r8        = byte
  # parm2:    r9:r9     = '[B'
  #           [sp+0x60]  (sp of caller)
  0x000001780918bf60: 8984 2400 | 90ff ff55 | 4883 ec50 

  0x000001780918bf6c: ;   {oop(a 'sun/nio/cs/UTF_8'{0x00000000a280bb70})}
  0x000001780918bf6c: 48be 70bb | 80a2 0000 | 0000 483b | d60f 8490 

  0x000001780918bf7c: ;   {oop(a 'sun/nio/cs/ISO_8859_1'{0x00000000a2813e70})}
  0x000001780918bf7c: 0000 0048 | be70 3e81 | a200 0000 | 0048 3bd6 | 0f84 5500 

  0x000001780918bf90: ;   {oop(a 'sun/nio/cs/US_ASCII'{0x00000000a2813ad0})}
  0x000001780918bf90: 0000 48be | d03a 81a2 | 0000 0000 | 483b d60f | 8522 0000 | 0049 8bd0 | 4d8b c10f 

  0x000001780918bfac: ;   {static_call}
  0x000001780918bfac: 1f40 00e8 

  0x000001780918bfb0: ; ImmutableOopMap {}
                      ;*invokestatic encodeASCII {reexecute=0 rethrow=0 return_oop=0}
                      ; - java.lang.String::encode@36 (line 841)
  0x000001780918bfb0: 1101 0000 | 4883 c450 

  0x000001780918bfb8: ;   {poll_return}
  0x000001780918bfb8: 5d49 3ba7 | 5003 0000 | 0f87 7100 | 0000 c3bf | 0100 0000 

  0x000001780918bfcc: ;   {static_call}
  0x000001780918bfcc: 6666 90e8 

  0x000001780918bfd0: ; ImmutableOopMap {}
                      ;*invokestatic encodeWithEncoder {reexecute=0 rethrow=0 return_oop=0}
                      ; - java.lang.String::encode@44 (line 843)
  0x000001780918bfd0: ac59 d9ff | 4883 c450 

  0x000001780918bfd8: ;   {poll_return}
  0x000001780918bfd8: 5d49 3ba7 | 5003 0000 | 0f87 6700 | 0000 c349 | 8bd0 4d8b | c141 b901 | 0000 000f 

  0x000001780918bff4: ;   {static_call}
  0x000001780918bff4: 1f40 00e8 

  0x000001780918bff8: ; ImmutableOopMap {}
                      ;*invokestatic encode8859_1 {reexecute=0 rethrow=0 return_oop=0}
                      ; - java.lang.String::encode8859_1@3 (line 985)
                      ; - java.lang.String::encode@23 (line 838)
  0x000001780918bff8: e900 0000 | 4883 c450 

  0x000001780918c000: ;   {poll_return}
  0x000001780918c000: 5d49 3ba7 | 5003 0000 | 0f87 5500 | 0000 c349 | 8bd0 4d8b | c141 b901 | 0000 000f 

  0x000001780918c01c: ;   {static_call}
  0x000001780918c01c: 1f40 00e8 

  0x000001780918c020: ; ImmutableOopMap {}
                      ;*invokestatic encodeUTF8 {reexecute=0 rethrow=0 return_oop=0}
                      ; - java.lang.String::encode@10 (line 835)
  0x000001780918c020: 5c07 0000 | 4883 c450 

  0x000001780918c028: ;   {poll_return}
  0x000001780918c028: 5d49 3ba7 | 5003 0000 | 0f87 4300 

  0x000001780918c034: ;   {internal_word}
  0x000001780918c034: 0000 c349 | bab9 bf18 | 0978 0100 | 004d 8997 | 6803 0000 

  0x000001780918c048: ;   {runtime_call SafepointBlob}
  0x000001780918c048: e9b3 b9d9 

  0x000001780918c04c: ;   {internal_word}
  0x000001780918c04c: ff49 bad9 | bf18 0978 | 0100 004d | 8997 6803 

  0x000001780918c05c: ;   {runtime_call SafepointBlob}
  0x000001780918c05c: 0000 e99d 

  0x000001780918c060: ;   {internal_word}
  0x000001780918c060: b9d9 ff49 | ba01 c018 | 0978 0100 | 004d 8997 | 6803 0000 

  0x000001780918c074: ;   {runtime_call SafepointBlob}
  0x000001780918c074: e987 b9d9 

  0x000001780918c078: ;   {internal_word}
  0x000001780918c078: ff49 ba29 | c018 0978 | 0100 004d | 8997 6803 

  0x000001780918c088: ;   {runtime_call SafepointBlob}
  0x000001780918c088: 0000 e971 | b9d9 ff90 | 9049 8b87 | e003 0000 | 49c7 87e0 | 0300 0000 | 0000 0049 | c787 e803 
  0x000001780918c0a8: 0000 0000 | 0000 4883 

  0x000001780918c0b0: ;   {runtime_call unwind_exception Runtime1 stub}
  0x000001780918c0b0: c450 5de9 | 484c e3ff | f4f4 f4f4 | f4f4 f4f4 
[Stub Code]
  0x000001780918c0c0: ;   {no_reloc}
  0x000001780918c0c0: 0f1f 4400 

  0x000001780918c0c4: ;   {static_stub}
  0x000001780918c0c4: 0048 bbb8 | 8742 1378 

  0x000001780918c0cc: ;   {runtime_call I2C/C2I adapters}
  0x000001780918c0cc: 0100 00e9 | 08b7 d7ff 

  0x000001780918c0d4: ;   {static_stub}
  0x000001780918c0d4: 9048 bb00 | 0000 0000 

  0x000001780918c0dc: ;   {runtime_call}
  0x000001780918c0dc: 0000 00e9 | fbff ffff 

  0x000001780918c0e4: ;   {static_stub}
  0x000001780918c0e4: 9048 bb60 | 8742 1378 

  0x000001780918c0ec: ;   {runtime_call I2C/C2I adapters}
  0x000001780918c0ec: 0100 00e9 | ec7e d7ff 

  0x000001780918c0f4: ;   {static_stub}
  0x000001780918c0f4: 9048 bbb0 | 8642 1378 

  0x000001780918c0fc: ;   {runtime_call I2C/C2I adapters}
  0x000001780918c0fc: 0100 00e9 | dc7e d7ff 
[Exception Handler]
  0x000001780918c104: ;   {runtime_call handle_exception_from_callee Runtime1 stub}
  0x000001780918c104: e8f7 78e3 

  0x000001780918c108: ;   {external_word}
  0x000001780918c108: ff48 b950 | ba70 b2fa | 7f00 0048 

  0x000001780918c114: ;   {runtime_call}
  0x000001780918c114: 83e4 f049 | ba40 2e39 | b2fa 7f00 | 0041 ffd2 

  0x000001780918c124: ;   {section_word}
  0x000001780918c124: f449 ba25 | c118 0978 | 0100 0041 

  0x000001780918c130: ;   {runtime_call DeoptimizationBlob}
  0x000001780918c130: 52e9 6aab | d9ff f4f4 
[/MachCode]


---------------  P R O C E S S  ---------------

Threads class SMR info:
_java_thread_list=0x000001785a5cafb0, length=45, elements={
0x00000178121a1250, 0x00000178121a48d0, 0x00000178121b2b70, 0x00000178121b5810,
0x00000178121b70f0, 0x00000178121b79c0, 0x00000178121bc360, 0x00000178121bcc70,
0x000001781222e250, 0x0000017812709600, 0x000001781270a0f0, 0x0000017812898330,
0x000001781295f800, 0x00000178129cb980, 0x00000178129cf2a0, 0x0000017859049a30,
0x0000017859047bd0, 0x0000017859049f40, 0x000001785904ae70, 0x000001785904a960,
0x0000017859049520, 0x000001785904b380, 0x00000178590485f0, 0x000001785904a450,
0x0000017859048b00, 0x0000017859049010, 0x000001785de239d0, 0x000001785de1f800,
0x000001785de22590, 0x000001785de1f2f0, 0x000001785de22aa0, 0x000001785de21150,
0x000001785de1fd10, 0x000001785de20c40, 0x000001785de20220, 0x000001785de20730,
0x000001785de21660, 0x000001785de21b70, 0x000001785de22fb0, 0x000001785de22080,
0x000001785de234c0, 0x000001785de23ee0, 0x000001785de24900, 0x000001785de25320,
0x000001785e197860
}

Java Threads: ( => current thread )
  0x00000178121a1250 JavaThread "Reference Handler" daemon [_thread_blocked, id=23104, stack(0x0000003311c00000,0x0000003311d00000)]
  0x00000178121a48d0 JavaThread "Finalizer" daemon [_thread_blocked, id=4124, stack(0x0000003311d00000,0x0000003311e00000)]
  0x00000178121b2b70 JavaThread "Signal Dispatcher" daemon [_thread_blocked, id=3688, stack(0x0000003311e00000,0x0000003311f00000)]
  0x00000178121b5810 JavaThread "Attach Listener" daemon [_thread_blocked, id=22124, stack(0x0000003311f00000,0x0000003312000000)]
  0x00000178121b70f0 JavaThread "Service Thread" daemon [_thread_blocked, id=3064, stack(0x0000003312000000,0x0000003312100000)]
  0x00000178121b79c0 JavaThread "Monitor Deflation Thread" daemon [_thread_blocked, id=19684, stack(0x0000003312100000,0x0000003312200000)]
  0x00000178121bc360 JavaThread "C1 CompilerThread0" daemon [_thread_blocked, id=24564, stack(0x0000003312200000,0x0000003312300000)]
  0x00000178121bcc70 JavaThread "Sweeper thread" daemon [_thread_blocked, id=22280, stack(0x0000003312300000,0x0000003312400000)]
  0x000001781222e250 JavaThread "Common-Cleaner" daemon [_thread_blocked, id=4152, stack(0x0000003312400000,0x0000003312500000)]
  0x0000017812709600 JavaThread "Monitor Ctrl-Break" daemon [_thread_in_native, id=14768, stack(0x0000003312600000,0x0000003312700000)]
  0x000001781270a0f0 JavaThread "Notification Thread" daemon [_thread_blocked, id=3884, stack(0x0000003312700000,0x0000003312800000)]
  0x0000017812898330 JavaThread "RMI TCP Accept-0" daemon [_thread_in_native, id=1400, stack(0x0000003312800000,0x0000003312900000)]
  0x000001781295f800 JavaThread "RMI TCP Connection(1)-192.168.56.1" daemon [_thread_in_native, id=16248, stack(0x0000003312a00000,0x0000003312b00000)]
  0x00000178129cb980 JavaThread "RMI Scheduler(0)" daemon [_thread_blocked, id=24796, stack(0x0000003312b00000,0x0000003312c00000)]
  0x00000178129cf2a0 JavaThread "JMX server connection timeout 20" daemon [_thread_blocked, id=22652, stack(0x0000003312c00000,0x0000003312d00000)]
  0x0000017859049a30 JavaThread "RMI TCP Connection(2)-192.168.56.1" daemon [_thread_in_native, id=22648, stack(0x0000003313800000,0x0000003313900000)]
  0x0000017859047bd0 JavaThread "Catalina-utility-1" [_thread_blocked, id=24300, stack(0x0000003313900000,0x0000003313a00000)]
  0x0000017859049f40 JavaThread "Catalina-utility-2" [_thread_blocked, id=21916, stack(0x0000003313a00000,0x0000003313b00000)]
  0x000001785904ae70 JavaThread "container-0" [_thread_blocked, id=2108, stack(0x0000003313b00000,0x0000003313c00000)]
  0x000001785904a960 JavaThread "Cleaner-0" daemon [_thread_blocked, id=944, stack(0x0000003313d00000,0x0000003313e00000)]
  0x0000017859049520 JavaThread "HikariPool-1:housekeeper" daemon [_thread_blocked, id=7600, stack(0x0000003313e00000,0x0000003313f00000)]
  0x000001785904b380 JavaThread "MessageBroker-1" [_thread_blocked, id=24428, stack(0x0000003314100000,0x0000003314200000)]
  0x00000178590485f0 JavaThread "http-nio-0.0.0.0-8082-exec-1" daemon [_thread_blocked, id=10548, stack(0x0000003314200000,0x0000003314300000)]
  0x000001785904a450 JavaThread "http-nio-0.0.0.0-8082-exec-2" daemon [_thread_blocked, id=12956, stack(0x0000003314300000,0x0000003314400000)]
  0x0000017859048b00 JavaThread "http-nio-0.0.0.0-8082-exec-3" daemon [_thread_blocked, id=24424, stack(0x0000003314400000,0x0000003314500000)]
  0x0000017859049010 JavaThread "http-nio-0.0.0.0-8082-exec-4" daemon [_thread_blocked, id=1332, stack(0x0000003314500000,0x0000003314600000)]
  0x000001785de239d0 JavaThread "http-nio-0.0.0.0-8082-exec-5" daemon [_thread_blocked, id=3104, stack(0x0000003314600000,0x0000003314700000)]
  0x000001785de1f800 JavaThread "http-nio-0.0.0.0-8082-exec-6" daemon [_thread_blocked, id=24560, stack(0x0000003314700000,0x0000003314800000)]
  0x000001785de22590 JavaThread "http-nio-0.0.0.0-8082-exec-7" daemon [_thread_blocked, id=19876, stack(0x0000003314800000,0x0000003314900000)]
  0x000001785de1f2f0 JavaThread "http-nio-0.0.0.0-8082-exec-8" daemon [_thread_blocked, id=24316, stack(0x0000003314900000,0x0000003314a00000)]
  0x000001785de22aa0 JavaThread "http-nio-0.0.0.0-8082-exec-9" daemon [_thread_blocked, id=14712, stack(0x0000003314a00000,0x0000003314b00000)]
  0x000001785de21150 JavaThread "http-nio-0.0.0.0-8082-exec-10" daemon [_thread_blocked, id=14560, stack(0x0000003314b00000,0x0000003314c00000)]
  0x000001785de1fd10 JavaThread "http-nio-0.0.0.0-8082-Poller" daemon [_thread_in_native, id=3192, stack(0x0000003314c00000,0x0000003314d00000)]
  0x000001785de20c40 JavaThread "http-nio-0.0.0.0-8082-Acceptor" daemon [_thread_in_native, id=7472, stack(0x0000003314d00000,0x0000003314e00000)]
  0x000001785de20220 JavaThread "AMQP Connection 127.0.0.1:5672" [_thread_in_native, id=9036, stack(0x0000003314e00000,0x0000003314f00000)]
  0x000001785de20730 JavaThread "pool-3-thread-2" [_thread_blocked, id=22248, stack(0x0000003314f00000,0x0000003315000000)]
  0x000001785de21660 JavaThread "org.springframework.amqp.rabbit.RabbitListenerEndpointContainer#0-1" [_thread_blocked, id=14384, stack(0x0000003315100000,0x0000003315200000)]
  0x000001785de21b70 JavaThread "org.springframework.amqp.rabbit.RabbitListenerEndpointContainer#0-2" [_thread_blocked, id=11676, stack(0x0000003315200000,0x0000003315300000)]
  0x000001785de22fb0 JavaThread "pool-3-thread-3" [_thread_blocked, id=25060, stack(0x0000003315300000,0x0000003315400000)]
  0x000001785de22080 JavaThread "pool-3-thread-4" [_thread_blocked, id=12220, stack(0x0000003315400000,0x0000003315500000)]
  0x000001785de234c0 JavaThread "MessageBroker-2" [_thread_blocked, id=22824, stack(0x0000003315500000,0x0000003315600000)]
  0x000001785de23ee0 JavaThread "DestroyJavaVM" [_thread_blocked, id=24588, stack(0x0000003311500000,0x0000003311600000)]
=>0x000001785de24900 JavaThread "Ehcache [_default_]-0" daemon [_thread_in_vm, id=24896, stack(0x0000003315700000,0x0000003315800000)]
  0x000001785de25320 JavaThread "RMI TCP Connection(3)-192.168.56.1" daemon [_thread_in_native, id=17824, stack(0x0000003315800000,0x0000003315900000)]
  0x000001785e197860 JavaThread "C1 CompilerThread1" daemon [_thread_blocked, id=24920, stack(0x0000003312500000,0x0000003312600000)]

Other Threads:
  0x000001781219ac30 VMThread "VM Thread" [stack: 0x0000003311b00000,0x0000003311c00000] [id=24876]
  0x000001787fa12d70 WatcherThread [stack: 0x0000003312900000,0x0000003312a00000] [id=13928]
  0x000001787fa5df10 GCTaskThread "GC Thread#0" [stack: 0x0000003311600000,0x0000003311700000] [id=18712]
  0x0000017812cb5a00 GCTaskThread "GC Thread#1" [stack: 0x0000003312d00000,0x0000003312e00000] [id=2116]
  0x0000017812cfed60 GCTaskThread "GC Thread#2" [stack: 0x0000003312e00000,0x0000003312f00000] [id=24320]
  0x0000017812cff080 GCTaskThread "GC Thread#3" [stack: 0x0000003312f00000,0x0000003313000000] [id=14440]
  0x0000017812d00700 GCTaskThread "GC Thread#4" [stack: 0x0000003313000000,0x0000003313100000] [id=24568]
  0x0000017812d00ca0 GCTaskThread "GC Thread#5" [stack: 0x0000003313100000,0x0000003313200000] [id=2460]
  0x0000017812d00430 GCTaskThread "GC Thread#6" [stack: 0x0000003313200000,0x0000003313300000] [id=8448]
  0x0000017812d009d0 GCTaskThread "GC Thread#7" [stack: 0x0000003313300000,0x0000003313400000] [id=11340]
  0x0000017812cff620 GCTaskThread "GC Thread#8" [stack: 0x0000003313400000,0x0000003313500000] [id=18860]
  0x0000017812cff350 GCTaskThread "GC Thread#9" [stack: 0x0000003313500000,0x0000003313600000] [id=23376]
  0x000001787fa6a940 ConcurrentGCThread "G1 Main Marker" [stack: 0x0000003311700000,0x0000003311800000] [id=24176]
  0x000001787fa6b270 ConcurrentGCThread "G1 Conc#0" [stack: 0x0000003311800000,0x0000003311900000] [id=17944]
  0x00000178584e6d80 ConcurrentGCThread "G1 Conc#1" [stack: 0x0000003313600000,0x0000003313700000] [id=16716]
  0x00000178584e7050 ConcurrentGCThread "G1 Conc#2" [stack: 0x0000003313700000,0x0000003313800000] [id=24772]
  0x00000178120624c0 ConcurrentGCThread "G1 Refine#0" [stack: 0x0000003311900000,0x0000003311a00000] [id=2264]
  0x0000017812062bb0 ConcurrentGCThread "G1 Service" [stack: 0x0000003311a00000,0x0000003311b00000] [id=10132]

Threads with active compile tasks:

VM state: not at safepoint (normal execution)

VM Mutex/Monitor currently owned by a thread:  ([mutex/lock_event])
[0x000001787fa0d1d0] Heap_lock - owner thread: 0x000001785de24900

Heap address: 0x00000000a2200000, size: 1502 MB, Compressed Oops mode: 32-bit

CDS archive(s) mapped at: [0x0000017813000000-0x0000017813bb0000-0x0000017813bb0000), size 12255232, SharedBaseAddress: 0x0000017813000000, ArchiveRelocationMode: 1.
Compressed class space mapped at: 0x0000017814000000-0x0000017854000000, reserved size: 1073741824
Narrow klass base: 0x0000017813000000, Narrow klass shift: 0, Narrow klass range: 0x100000000

GC Precious Log:
 CPUs: 12 total, 12 available
 Memory: 6005M
 Large Page Support: Disabled
 NUMA Support: Disabled
 Compressed Oops: Enabled (32-bit)
 Heap Region Size: 1M
 Heap Min Capacity: 8M
 Heap Initial Capacity: 94M
 Heap Max Capacity: 1502M
 Pre-touch: Disabled
 Parallel Workers: 10
 Concurrent Workers: 3
 Concurrent Refinement Workers: 10
 Periodic GC: Disabled

Heap:
 garbage-first heap   total 326656K, used 316550K [0x00000000a2200000, 0x0000000100000000)
  region size 1024K, 6 young (6144K), 2 survivors (2048K)
 Metaspace       used 96525K, committed 97344K, reserved 1179648K
  class space    used 14387K, committed 14784K, reserved 1048576K

Heap Regions: E=young(eden), S=young(survivor), O=old, HS=humongous(starts), HC=humongous(continues), CS=collection set, F=free, OA=open archive, CA=closed archive, TAMS=top-at-mark-start (previous, next)
|   0|0x00000000a2200000, 0x00000000a2300000, 0x00000000a2300000|100%|HS|  |TAMS 0x00000000a2300000, 0x00000000a2200000| Complete 
|   1|0x00000000a2300000, 0x00000000a2400000, 0x00000000a2400000|100%|HS|  |TAMS 0x00000000a2400000, 0x00000000a2300000| Complete 
|   2|0x00000000a2400000, 0x00000000a2500000, 0x00000000a2500000|100%| O|  |TAMS 0x00000000a2500000, 0x00000000a2400000| Untracked 
|   3|0x00000000a2500000, 0x00000000a2600000, 0x00000000a2600000|100%| O|  |TAMS 0x00000000a2600000, 0x00000000a2500000| Untracked 
|   4|0x00000000a2600000, 0x00000000a2700000, 0x00000000a2700000|100%| O|  |TAMS 0x00000000a2700000, 0x00000000a2600000| Untracked 
|   5|0x00000000a2700000, 0x00000000a2800000, 0x00000000a2800000|100%| O|  |TAMS 0x00000000a2800000, 0x00000000a2700000| Untracked 
|   6|0x00000000a2800000, 0x00000000a2900000, 0x00000000a2900000|100%| O|  |TAMS 0x00000000a2900000, 0x00000000a2800000| Untracked 
|   7|0x00000000a2900000, 0x00000000a2a00000, 0x00000000a2a00000|100%| O|  |TAMS 0x00000000a2a00000, 0x00000000a2900000| Untracked 
|   8|0x00000000a2a00000, 0x00000000a2b00000, 0x00000000a2b00000|100%| O|  |TAMS 0x00000000a2b00000, 0x00000000a2a00000| Untracked 
|   9|0x00000000a2b00000, 0x00000000a2c00000, 0x00000000a2c00000|100%| O|  |TAMS 0x00000000a2c00000, 0x00000000a2b00000| Untracked 
|  10|0x00000000a2c00000, 0x00000000a2d00000, 0x00000000a2d00000|100%| O|  |TAMS 0x00000000a2d00000, 0x00000000a2c00000| Untracked 
|  11|0x00000000a2d00000, 0x00000000a2e00000, 0x00000000a2e00000|100%| O|  |TAMS 0x00000000a2e00000, 0x00000000a2d00000| Untracked 
|  12|0x00000000a2e00000, 0x00000000a2f00000, 0x00000000a2f00000|100%| O|  |TAMS 0x00000000a2f00000, 0x00000000a2e00000| Untracked 
|  13|0x00000000a2f00000, 0x00000000a3000000, 0x00000000a3000000|100%| O|  |TAMS 0x00000000a3000000, 0x00000000a2f00000| Untracked 
|  14|0x00000000a3000000, 0x00000000a3100000, 0x00000000a3100000|100%| O|  |TAMS 0x00000000a3100000, 0x00000000a3000000| Untracked 
|  15|0x00000000a3100000, 0x00000000a3200000, 0x00000000a3200000|100%| O|  |TAMS 0x00000000a3200000, 0x00000000a3100000| Complete 
|  16|0x00000000a3200000, 0x00000000a3300000, 0x00000000a3300000|100%|HS|  |TAMS 0x00000000a3200000, 0x00000000a3200000| Complete 
|  17|0x00000000a3300000, 0x00000000a3400000, 0x00000000a3400000|100%| O|  |TAMS 0x00000000a3400000, 0x00000000a3300000| Untracked 
|  18|0x00000000a3400000, 0x00000000a3500000, 0x00000000a3500000|100%| O|  |TAMS 0x00000000a3500000, 0x00000000a3400000| Untracked 
|  19|0x00000000a3500000, 0x00000000a3600000, 0x00000000a3600000|100%| O|  |TAMS 0x00000000a3600000, 0x00000000a3500000| Untracked 
|  20|0x00000000a3600000, 0x00000000a3700000, 0x00000000a3700000|100%| O|  |TAMS 0x00000000a3700000, 0x00000000a3600000| Untracked 
|  21|0x00000000a3700000, 0x00000000a3800000, 0x00000000a3800000|100%| O|  |TAMS 0x00000000a3800000, 0x00000000a3700000| Untracked 
|  22|0x00000000a3800000, 0x00000000a3900000, 0x00000000a3900000|100%| O|  |TAMS 0x00000000a3900000, 0x00000000a3800000| Untracked 
|  23|0x00000000a3900000, 0x00000000a3a00000, 0x00000000a3a00000|100%| O|  |TAMS 0x00000000a3a00000, 0x00000000a3900000| Untracked 
|  24|0x00000000a3a00000, 0x00000000a3b00000, 0x00000000a3b00000|100%| O|  |TAMS 0x00000000a3b00000, 0x00000000a3a00000| Untracked 
|  25|0x00000000a3b00000, 0x00000000a3c00000, 0x00000000a3c00000|100%| O|  |TAMS 0x00000000a3c00000, 0x00000000a3b00000| Untracked 
|  26|0x00000000a3c00000, 0x00000000a3d00000, 0x00000000a3d00000|100%| O|  |TAMS 0x00000000a3d00000, 0x00000000a3c00000| Untracked 
|  27|0x00000000a3d00000, 0x00000000a3e00000, 0x00000000a3e00000|100%| O|  |TAMS 0x00000000a3e00000, 0x00000000a3d00000| Untracked 
|  28|0x00000000a3e00000, 0x00000000a3f00000, 0x00000000a3f00000|100%| O|  |TAMS 0x00000000a3f00000, 0x00000000a3e00000| Untracked 
|  29|0x00000000a3f00000, 0x00000000a4000000, 0x00000000a4000000|100%| O|  |TAMS 0x00000000a4000000, 0x00000000a3f00000| Untracked 
|  30|0x00000000a4000000, 0x00000000a4100000, 0x00000000a4100000|100%| O|  |TAMS 0x00000000a4100000, 0x00000000a4000000| Untracked 
|  31|0x00000000a4100000, 0x00000000a4200000, 0x00000000a4200000|100%| O|  |TAMS 0x00000000a4200000, 0x00000000a4100000| Untracked 
|  32|0x00000000a4200000, 0x00000000a4300000, 0x00000000a4300000|100%| O|  |TAMS 0x00000000a4300000, 0x00000000a4200000| Untracked 
|  33|0x00000000a4300000, 0x00000000a4400000, 0x00000000a4400000|100%| O|  |TAMS 0x00000000a4400000, 0x00000000a4300000| Untracked 
|  34|0x00000000a4400000, 0x00000000a4500000, 0x00000000a4500000|100%| O|  |TAMS 0x00000000a4500000, 0x00000000a4400000| Untracked 
|  35|0x00000000a4500000, 0x00000000a4600000, 0x00000000a4600000|100%| O|  |TAMS 0x00000000a4600000, 0x00000000a4500000| Untracked 
|  36|0x00000000a4600000, 0x00000000a4700000, 0x00000000a4700000|100%| O|  |TAMS 0x00000000a4700000, 0x00000000a4600000| Untracked 
|  37|0x00000000a4700000, 0x00000000a4800000, 0x00000000a4800000|100%| O|  |TAMS 0x00000000a4800000, 0x00000000a4700000| Untracked 
|  38|0x00000000a4800000, 0x00000000a4900000, 0x00000000a4900000|100%| O|  |TAMS 0x00000000a4900000, 0x00000000a4800000| Untracked 
|  39|0x00000000a4900000, 0x00000000a4a00000, 0x00000000a4a00000|100%| O|  |TAMS 0x00000000a4a00000, 0x00000000a4900000| Untracked 
|  40|0x00000000a4a00000, 0x00000000a4b00000, 0x00000000a4b00000|100%| O|  |TAMS 0x00000000a4b00000, 0x00000000a4a00000| Untracked 
|  41|0x00000000a4b00000, 0x00000000a4c00000, 0x00000000a4c00000|100%| O|  |TAMS 0x00000000a4c00000, 0x00000000a4b00000| Untracked 
|  42|0x00000000a4c00000, 0x00000000a4d00000, 0x00000000a4d00000|100%| O|  |TAMS 0x00000000a4d00000, 0x00000000a4c00000| Untracked 
|  43|0x00000000a4d00000, 0x00000000a4e00000, 0x00000000a4e00000|100%| O|  |TAMS 0x00000000a4e00000, 0x00000000a4d00000| Untracked 
|  44|0x00000000a4e00000, 0x00000000a4f00000, 0x00000000a4f00000|100%| O|  |TAMS 0x00000000a4f00000, 0x00000000a4e00000| Untracked 
|  45|0x00000000a4f00000, 0x00000000a5000000, 0x00000000a5000000|100%|HS|  |TAMS 0x00000000a4f00000, 0x00000000a4f00000| Complete 
|  46|0x00000000a5000000, 0x00000000a5100000, 0x00000000a5100000|100%|HC|  |TAMS 0x00000000a5000000, 0x00000000a5000000| Complete 
|  47|0x00000000a5100000, 0x00000000a5200000, 0x00000000a5200000|100%| O|  |TAMS 0x00000000a5200000, 0x00000000a5100000| Untracked 
|  48|0x00000000a5200000, 0x00000000a5300000, 0x00000000a5300000|100%| O|  |TAMS 0x00000000a5300000, 0x00000000a5200000| Untracked 
|  49|0x00000000a5300000, 0x00000000a5400000, 0x00000000a5400000|100%| O|  |TAMS 0x00000000a5400000, 0x00000000a5300000| Untracked 
|  50|0x00000000a5400000, 0x00000000a5500000, 0x00000000a5500000|100%| O|  |TAMS 0x00000000a5500000, 0x00000000a5400000| Untracked 
|  51|0x00000000a5500000, 0x00000000a55e6400, 0x00000000a5600000| 89%| O|  |TAMS 0x00000000a55e6400, 0x00000000a5500000| Untracked 
|  52|0x00000000a5600000, 0x00000000a5700000, 0x00000000a5700000|100%|HS|  |TAMS 0x00000000a5600000, 0x00000000a5600000| Complete 
|  53|0x00000000a5700000, 0x00000000a5800000, 0x00000000a5800000|100%|HC|  |TAMS 0x00000000a5700000, 0x00000000a5700000| Complete 
|  54|0x00000000a5800000, 0x00000000a5900000, 0x00000000a5900000|100%|HC|  |TAMS 0x00000000a5800000, 0x00000000a5800000| Complete 
|  55|0x00000000a5900000, 0x00000000a5900000, 0x00000000a5a00000|  0%| F|  |TAMS 0x00000000a5900000, 0x00000000a5900000| Untracked 
|  56|0x00000000a5a00000, 0x00000000a5a00000, 0x00000000a5b00000|  0%| F|  |TAMS 0x00000000a5a00000, 0x00000000a5a00000| Untracked 
|  57|0x00000000a5b00000, 0x00000000a5b00000, 0x00000000a5c00000|  0%| F|  |TAMS 0x00000000a5b00000, 0x00000000a5b00000| Untracked 
|  58|0x00000000a5c00000, 0x00000000a5d00000, 0x00000000a5d00000|100%|HS|  |TAMS 0x00000000a5c00000, 0x00000000a5c00000| Complete 
|  59|0x00000000a5d00000, 0x00000000a5e00000, 0x00000000a5e00000|100%|HC|  |TAMS 0x00000000a5d00000, 0x00000000a5d00000| Complete 
|  60|0x00000000a5e00000, 0x00000000a5f00000, 0x00000000a5f00000|100%|HC|  |TAMS 0x00000000a5e00000, 0x00000000a5e00000| Complete 
|  61|0x00000000a5f00000, 0x00000000a6000000, 0x00000000a6000000|100%|HC|  |TAMS 0x00000000a5f00000, 0x00000000a5f00000| Complete 
|  62|0x00000000a6000000, 0x00000000a6100000, 0x00000000a6100000|100%|HC|  |TAMS 0x00000000a6000000, 0x00000000a6000000| Complete 
|  63|0x00000000a6100000, 0x00000000a6200000, 0x00000000a6200000|100%|HS|  |TAMS 0x00000000a6100000, 0x00000000a6100000| Complete 
|  64|0x00000000a6200000, 0x00000000a6300000, 0x00000000a6300000|100%|HC|  |TAMS 0x00000000a6200000, 0x00000000a6200000| Complete 
|  65|0x00000000a6300000, 0x00000000a6400000, 0x00000000a6400000|100%|HC|  |TAMS 0x00000000a6300000, 0x00000000a6300000| Complete 
|  66|0x00000000a6400000, 0x00000000a6500000, 0x00000000a6500000|100%|HC|  |TAMS 0x00000000a6400000, 0x00000000a6400000| Complete 
|  67|0x00000000a6500000, 0x00000000a6600000, 0x00000000a6600000|100%|HC|  |TAMS 0x00000000a6500000, 0x00000000a6500000| Complete 
|  68|0x00000000a6600000, 0x00000000a6700000, 0x00000000a6700000|100%|HC|  |TAMS 0x00000000a6600000, 0x00000000a6600000| Complete 
|  69|0x00000000a6700000, 0x00000000a6800000, 0x00000000a6800000|100%|HC|  |TAMS 0x00000000a6700000, 0x00000000a6700000| Complete 
|  70|0x00000000a6800000, 0x00000000a6900000, 0x00000000a6900000|100%|HS|  |TAMS 0x00000000a6800000, 0x00000000a6800000| Complete 
|  71|0x00000000a6900000, 0x00000000a6a00000, 0x00000000a6a00000|100%|HC|  |TAMS 0x00000000a6900000, 0x00000000a6900000| Complete 
|  72|0x00000000a6a00000, 0x00000000a6b00000, 0x00000000a6b00000|100%|HC|  |TAMS 0x00000000a6a00000, 0x00000000a6a00000| Complete 
|  73|0x00000000a6b00000, 0x00000000a6c00000, 0x00000000a6c00000|100%|HC|  |TAMS 0x00000000a6b00000, 0x00000000a6b00000| Complete 
|  74|0x00000000a6c00000, 0x00000000a6d00000, 0x00000000a6d00000|100%|HC|  |TAMS 0x00000000a6c00000, 0x00000000a6c00000| Complete 
|  75|0x00000000a6d00000, 0x00000000a6e00000, 0x00000000a6e00000|100%|HC|  |TAMS 0x00000000a6d00000, 0x00000000a6d00000| Complete 
|  76|0x00000000a6e00000, 0x00000000a6f00000, 0x00000000a6f00000|100%|HC|  |TAMS 0x00000000a6e00000, 0x00000000a6e00000| Complete 
|  77|0x00000000a6f00000, 0x00000000a7000000, 0x00000000a7000000|100%|HC|  |TAMS 0x00000000a6f00000, 0x00000000a6f00000| Complete 
|  78|0x00000000a7000000, 0x00000000a7100000, 0x00000000a7100000|100%|HC|  |TAMS 0x00000000a7000000, 0x00000000a7000000| Complete 
|  79|0x00000000a7100000, 0x00000000a7200000, 0x00000000a7200000|100%|HC|  |TAMS 0x00000000a7100000, 0x00000000a7100000| Complete 
|  80|0x00000000a7200000, 0x00000000a7300000, 0x00000000a7300000|100%|HC|  |TAMS 0x00000000a7200000, 0x00000000a7200000| Complete 
|  81|0x00000000a7300000, 0x00000000a7400000, 0x00000000a7400000|100%|HC|  |TAMS 0x00000000a7300000, 0x00000000a7300000| Complete 
|  82|0x00000000a7400000, 0x00000000a7500000, 0x00000000a7500000|100%|HC|  |TAMS 0x00000000a7400000, 0x00000000a7400000| Complete 
|  83|0x00000000a7500000, 0x00000000a7600000, 0x00000000a7600000|100%|HC|  |TAMS 0x00000000a7500000, 0x00000000a7500000| Complete 
|  84|0x00000000a7600000, 0x00000000a7700000, 0x00000000a7700000|100%|HS|  |TAMS 0x00000000a7600000, 0x00000000a7600000| Complete 
|  85|0x00000000a7700000, 0x00000000a7800000, 0x00000000a7800000|100%|HC|  |TAMS 0x00000000a7700000, 0x00000000a7700000| Complete 
|  86|0x00000000a7800000, 0x00000000a7900000, 0x00000000a7900000|100%|HC|  |TAMS 0x00000000a7800000, 0x00000000a7800000| Complete 
|  87|0x00000000a7900000, 0x00000000a7a00000, 0x00000000a7a00000|100%|HC|  |TAMS 0x00000000a7900000, 0x00000000a7900000| Complete 
|  88|0x00000000a7a00000, 0x00000000a7b00000, 0x00000000a7b00000|100%|HC|  |TAMS 0x00000000a7a00000, 0x00000000a7a00000| Complete 
|  89|0x00000000a7b00000, 0x00000000a7c00000, 0x00000000a7c00000|100%|HC|  |TAMS 0x00000000a7b00000, 0x00000000a7b00000| Complete 
|  90|0x00000000a7c00000, 0x00000000a7d00000, 0x00000000a7d00000|100%|HC|  |TAMS 0x00000000a7c00000, 0x00000000a7c00000| Complete 
|  91|0x00000000a7d00000, 0x00000000a7e00000, 0x00000000a7e00000|100%|HC|  |TAMS 0x00000000a7d00000, 0x00000000a7d00000| Complete 
|  92|0x00000000a7e00000, 0x00000000a7f00000, 0x00000000a7f00000|100%|HC|  |TAMS 0x00000000a7e00000, 0x00000000a7e00000| Complete 
|  93|0x00000000a7f00000, 0x00000000a8000000, 0x00000000a8000000|100%|HC|  |TAMS 0x00000000a7f00000, 0x00000000a7f00000| Complete 
|  94|0x00000000a8000000, 0x00000000a8100000, 0x00000000a8100000|100%|HC|  |TAMS 0x00000000a8000000, 0x00000000a8000000| Complete 
|  95|0x00000000a8100000, 0x00000000a8200000, 0x00000000a8200000|100%|HC|  |TAMS 0x00000000a8100000, 0x00000000a8100000| Complete 
|  96|0x00000000a8200000, 0x00000000a8300000, 0x00000000a8300000|100%|HS|  |TAMS 0x00000000a8200000, 0x00000000a8200000| Complete 
|  97|0x00000000a8300000, 0x00000000a8400000, 0x00000000a8400000|100%|HC|  |TAMS 0x00000000a8300000, 0x00000000a8300000| Complete 
|  98|0x00000000a8400000, 0x00000000a8500000, 0x00000000a8500000|100%|HC|  |TAMS 0x00000000a8400000, 0x00000000a8400000| Complete 
|  99|0x00000000a8500000, 0x00000000a8600000, 0x00000000a8600000|100%|HC|  |TAMS 0x00000000a8500000, 0x00000000a8500000| Complete 
| 100|0x00000000a8600000, 0x00000000a8700000, 0x00000000a8700000|100%|HC|  |TAMS 0x00000000a8600000, 0x00000000a8600000| Complete 
| 101|0x00000000a8700000, 0x00000000a8800000, 0x00000000a8800000|100%|HC|  |TAMS 0x00000000a8700000, 0x00000000a8700000| Complete 
| 102|0x00000000a8800000, 0x00000000a8900000, 0x00000000a8900000|100%|HC|  |TAMS 0x00000000a8800000, 0x00000000a8800000| Complete 
| 103|0x00000000a8900000, 0x00000000a8a00000, 0x00000000a8a00000|100%|HC|  |TAMS 0x00000000a8900000, 0x00000000a8900000| Complete 
| 104|0x00000000a8a00000, 0x00000000a8b00000, 0x00000000a8b00000|100%|HC|  |TAMS 0x00000000a8a00000, 0x00000000a8a00000| Complete 
| 105|0x00000000a8b00000, 0x00000000a8c00000, 0x00000000a8c00000|100%|HC|  |TAMS 0x00000000a8b00000, 0x00000000a8b00000| Complete 
| 106|0x00000000a8c00000, 0x00000000a8d00000, 0x00000000a8d00000|100%|HC|  |TAMS 0x00000000a8c00000, 0x00000000a8c00000| Complete 
| 107|0x00000000a8d00000, 0x00000000a8e00000, 0x00000000a8e00000|100%|HC|  |TAMS 0x00000000a8d00000, 0x00000000a8d00000| Complete 
| 108|0x00000000a8e00000, 0x00000000a8f00000, 0x00000000a8f00000|100%|HS|  |TAMS 0x00000000a8e00000, 0x00000000a8e00000| Complete 
| 109|0x00000000a8f00000, 0x00000000a9000000, 0x00000000a9000000|100%|HC|  |TAMS 0x00000000a8f00000, 0x00000000a8f00000| Complete 
| 110|0x00000000a9000000, 0x00000000a9100000, 0x00000000a9100000|100%|HC|  |TAMS 0x00000000a9000000, 0x00000000a9000000| Complete 
| 111|0x00000000a9100000, 0x00000000a9200000, 0x00000000a9200000|100%|HC|  |TAMS 0x00000000a9100000, 0x00000000a9100000| Complete 
| 112|0x00000000a9200000, 0x00000000a9300000, 0x00000000a9300000|100%|HC|  |TAMS 0x00000000a9200000, 0x00000000a9200000| Complete 
| 113|0x00000000a9300000, 0x00000000a9400000, 0x00000000a9400000|100%|HC|  |TAMS 0x00000000a9300000, 0x00000000a9300000| Complete 
| 114|0x00000000a9400000, 0x00000000a9500000, 0x00000000a9500000|100%|HC|  |TAMS 0x00000000a9400000, 0x00000000a9400000| Complete 
| 115|0x00000000a9500000, 0x00000000a9600000, 0x00000000a9600000|100%|HC|  |TAMS 0x00000000a9500000, 0x00000000a9500000| Complete 
| 116|0x00000000a9600000, 0x00000000a9700000, 0x00000000a9700000|100%|HC|  |TAMS 0x00000000a9600000, 0x00000000a9600000| Complete 
| 117|0x00000000a9700000, 0x00000000a9800000, 0x00000000a9800000|100%|HC|  |TAMS 0x00000000a9700000, 0x00000000a9700000| Complete 
| 118|0x00000000a9800000, 0x00000000a9900000, 0x00000000a9900000|100%|HC|  |TAMS 0x00000000a9800000, 0x00000000a9800000| Complete 
| 119|0x00000000a9900000, 0x00000000a9a00000, 0x00000000a9a00000|100%|HC|  |TAMS 0x00000000a9900000, 0x00000000a9900000| Complete 
| 120|0x00000000a9a00000, 0x00000000a9b00000, 0x00000000a9b00000|100%|HC|  |TAMS 0x00000000a9a00000, 0x00000000a9a00000| Complete 
| 121|0x00000000a9b00000, 0x00000000a9c00000, 0x00000000a9c00000|100%|HC|  |TAMS 0x00000000a9b00000, 0x00000000a9b00000| Complete 
| 122|0x00000000a9c00000, 0x00000000a9d00000, 0x00000000a9d00000|100%|HC|  |TAMS 0x00000000a9c00000, 0x00000000a9c00000| Complete 
| 123|0x00000000a9d00000, 0x00000000a9e00000, 0x00000000a9e00000|100%|HC|  |TAMS 0x00000000a9d00000, 0x00000000a9d00000| Complete 
| 124|0x00000000a9e00000, 0x00000000a9f00000, 0x00000000a9f00000|100%|HC|  |TAMS 0x00000000a9e00000, 0x00000000a9e00000| Complete 
| 125|0x00000000a9f00000, 0x00000000aa000000, 0x00000000aa000000|100%|HC|  |TAMS 0x00000000a9f00000, 0x00000000a9f00000| Complete 
| 126|0x00000000aa000000, 0x00000000aa100000, 0x00000000aa100000|100%|HC|  |TAMS 0x00000000aa000000, 0x00000000aa000000| Complete 
| 127|0x00000000aa100000, 0x00000000aa200000, 0x00000000aa200000|100%|HC|  |TAMS 0x00000000aa100000, 0x00000000aa100000| Complete 
| 128|0x00000000aa200000, 0x00000000aa300000, 0x00000000aa300000|100%|HC|  |TAMS 0x00000000aa200000, 0x00000000aa200000| Complete 
| 129|0x00000000aa300000, 0x00000000aa400000, 0x00000000aa400000|100%|HC|  |TAMS 0x00000000aa300000, 0x00000000aa300000| Complete 
| 130|0x00000000aa400000, 0x00000000aa500000, 0x00000000aa500000|100%|HC|  |TAMS 0x00000000aa400000, 0x00000000aa400000| Complete 
| 131|0x00000000aa500000, 0x00000000aa600000, 0x00000000aa600000|100%|HC|  |TAMS 0x00000000aa500000, 0x00000000aa500000| Complete 
| 132|0x00000000aa600000, 0x00000000aa700000, 0x00000000aa700000|100%|HS|  |TAMS 0x00000000aa600000, 0x00000000aa600000| Complete 
| 133|0x00000000aa700000, 0x00000000aa800000, 0x00000000aa800000|100%|HC|  |TAMS 0x00000000aa700000, 0x00000000aa700000| Complete 
| 134|0x00000000aa800000, 0x00000000aa900000, 0x00000000aa900000|100%|HC|  |TAMS 0x00000000aa800000, 0x00000000aa800000| Complete 
| 135|0x00000000aa900000, 0x00000000aaa00000, 0x00000000aaa00000|100%|HC|  |TAMS 0x00000000aa900000, 0x00000000aa900000| Complete 
| 136|0x00000000aaa00000, 0x00000000aab00000, 0x00000000aab00000|100%|HC|  |TAMS 0x00000000aaa00000, 0x00000000aaa00000| Complete 
| 137|0x00000000aab00000, 0x00000000aac00000, 0x00000000aac00000|100%|HC|  |TAMS 0x00000000aab00000, 0x00000000aab00000| Complete 
| 138|0x00000000aac00000, 0x00000000aad00000, 0x00000000aad00000|100%|HC|  |TAMS 0x00000000aac00000, 0x00000000aac00000| Complete 
| 139|0x00000000aad00000, 0x00000000aae00000, 0x00000000aae00000|100%|HC|  |TAMS 0x00000000aad00000, 0x00000000aad00000| Complete 
| 140|0x00000000aae00000, 0x00000000aaf00000, 0x00000000aaf00000|100%|HC|  |TAMS 0x00000000aae00000, 0x00000000aae00000| Complete 
| 141|0x00000000aaf00000, 0x00000000ab000000, 0x00000000ab000000|100%|HC|  |TAMS 0x00000000aaf00000, 0x00000000aaf00000| Complete 
| 142|0x00000000ab000000, 0x00000000ab100000, 0x00000000ab100000|100%|HC|  |TAMS 0x00000000ab000000, 0x00000000ab000000| Complete 
| 143|0x00000000ab100000, 0x00000000ab200000, 0x00000000ab200000|100%|HC|  |TAMS 0x00000000ab100000, 0x00000000ab100000| Complete 
| 144|0x00000000ab200000, 0x00000000ab300000, 0x00000000ab300000|100%|HS|  |TAMS 0x00000000ab200000, 0x00000000ab200000| Complete 
| 145|0x00000000ab300000, 0x00000000ab400000, 0x00000000ab400000|100%|HC|  |TAMS 0x00000000ab300000, 0x00000000ab300000| Complete 
| 146|0x00000000ab400000, 0x00000000ab500000, 0x00000000ab500000|100%|HC|  |TAMS 0x00000000ab400000, 0x00000000ab400000| Complete 
| 147|0x00000000ab500000, 0x00000000ab600000, 0x00000000ab600000|100%|HC|  |TAMS 0x00000000ab500000, 0x00000000ab500000| Complete 
| 148|0x00000000ab600000, 0x00000000ab700000, 0x00000000ab700000|100%|HC|  |TAMS 0x00000000ab600000, 0x00000000ab600000| Complete 
| 149|0x00000000ab700000, 0x00000000ab800000, 0x00000000ab800000|100%|HC|  |TAMS 0x00000000ab700000, 0x00000000ab700000| Complete 
| 150|0x00000000ab800000, 0x00000000ab900000, 0x00000000ab900000|100%|HC|  |TAMS 0x00000000ab800000, 0x00000000ab800000| Complete 
| 151|0x00000000ab900000, 0x00000000aba00000, 0x00000000aba00000|100%|HC|  |TAMS 0x00000000ab900000, 0x00000000ab900000| Complete 
| 152|0x00000000aba00000, 0x00000000abb00000, 0x00000000abb00000|100%|HC|  |TAMS 0x00000000aba00000, 0x00000000aba00000| Complete 
| 153|0x00000000abb00000, 0x00000000abc00000, 0x00000000abc00000|100%|HC|  |TAMS 0x00000000abb00000, 0x00000000abb00000| Complete 
| 154|0x00000000abc00000, 0x00000000abd00000, 0x00000000abd00000|100%|HC|  |TAMS 0x00000000abc00000, 0x00000000abc00000| Complete 
| 155|0x00000000abd00000, 0x00000000abe00000, 0x00000000abe00000|100%|HC|  |TAMS 0x00000000abd00000, 0x00000000abd00000| Complete 
| 156|0x00000000abe00000, 0x00000000abf00000, 0x00000000abf00000|100%|HS|  |TAMS 0x00000000abe00000, 0x00000000abe00000| Complete 
| 157|0x00000000abf00000, 0x00000000ac000000, 0x00000000ac000000|100%|HC|  |TAMS 0x00000000abf00000, 0x00000000abf00000| Complete 
| 158|0x00000000ac000000, 0x00000000ac100000, 0x00000000ac100000|100%|HC|  |TAMS 0x00000000ac000000, 0x00000000ac000000| Complete 
| 159|0x00000000ac100000, 0x00000000ac200000, 0x00000000ac200000|100%|HC|  |TAMS 0x00000000ac100000, 0x00000000ac100000| Complete 
| 160|0x00000000ac200000, 0x00000000ac300000, 0x00000000ac300000|100%|HS|  |TAMS 0x00000000ac200000, 0x00000000ac200000| Complete 
| 161|0x00000000ac300000, 0x00000000ac400000, 0x00000000ac400000|100%|HC|  |TAMS 0x00000000ac300000, 0x00000000ac300000| Complete 
| 162|0x00000000ac400000, 0x00000000ac500000, 0x00000000ac500000|100%|HC|  |TAMS 0x00000000ac400000, 0x00000000ac400000| Complete 
| 163|0x00000000ac500000, 0x00000000ac600000, 0x00000000ac600000|100%|HC|  |TAMS 0x00000000ac500000, 0x00000000ac500000| Complete 
| 164|0x00000000ac600000, 0x00000000ac700000, 0x00000000ac700000|100%|HC|  |TAMS 0x00000000ac600000, 0x00000000ac600000| Complete 
| 165|0x00000000ac700000, 0x00000000ac800000, 0x00000000ac800000|100%|HC|  |TAMS 0x00000000ac700000, 0x00000000ac700000| Complete 
| 166|0x00000000ac800000, 0x00000000ac900000, 0x00000000ac900000|100%|HC|  |TAMS 0x00000000ac800000, 0x00000000ac800000| Complete 
| 167|0x00000000ac900000, 0x00000000aca00000, 0x00000000aca00000|100%|HS|  |TAMS 0x00000000ac900000, 0x00000000ac900000| Complete 
| 168|0x00000000aca00000, 0x00000000acb00000, 0x00000000acb00000|100%|HC|  |TAMS 0x00000000aca00000, 0x00000000aca00000| Complete 
| 169|0x00000000acb00000, 0x00000000acc00000, 0x00000000acc00000|100%|HC|  |TAMS 0x00000000acb00000, 0x00000000acb00000| Complete 
| 170|0x00000000acc00000, 0x00000000acd00000, 0x00000000acd00000|100%|HC|  |TAMS 0x00000000acc00000, 0x00000000acc00000| Complete 
| 171|0x00000000acd00000, 0x00000000ace00000, 0x00000000ace00000|100%|HC|  |TAMS 0x00000000acd00000, 0x00000000acd00000| Complete 
| 172|0x00000000ace00000, 0x00000000acf00000, 0x00000000acf00000|100%|HC|  |TAMS 0x00000000ace00000, 0x00000000ace00000| Complete 
| 173|0x00000000acf00000, 0x00000000ad000000, 0x00000000ad000000|100%|HC|  |TAMS 0x00000000acf00000, 0x00000000acf00000| Complete 
| 174|0x00000000ad000000, 0x00000000ad100000, 0x00000000ad100000|100%|HC|  |TAMS 0x00000000ad000000, 0x00000000ad000000| Complete 
| 175|0x00000000ad100000, 0x00000000ad200000, 0x00000000ad200000|100%|HC|  |TAMS 0x00000000ad100000, 0x00000000ad100000| Complete 
| 176|0x00000000ad200000, 0x00000000ad300000, 0x00000000ad300000|100%|HC|  |TAMS 0x00000000ad200000, 0x00000000ad200000| Complete 
| 177|0x00000000ad300000, 0x00000000ad400000, 0x00000000ad400000|100%|HC|  |TAMS 0x00000000ad300000, 0x00000000ad300000| Complete 
| 178|0x00000000ad400000, 0x00000000ad500000, 0x00000000ad500000|100%|HC|  |TAMS 0x00000000ad400000, 0x00000000ad400000| Complete 
| 179|0x00000000ad500000, 0x00000000ad600000, 0x00000000ad600000|100%|HC|  |TAMS 0x00000000ad500000, 0x00000000ad500000| Complete 
| 180|0x00000000ad600000, 0x00000000ad700000, 0x00000000ad700000|100%|HC|  |TAMS 0x00000000ad600000, 0x00000000ad600000| Complete 
| 181|0x00000000ad700000, 0x00000000ad800000, 0x00000000ad800000|100%|HS|  |TAMS 0x00000000ad700000, 0x00000000ad700000| Complete 
| 182|0x00000000ad800000, 0x00000000ad900000, 0x00000000ad900000|100%|HC|  |TAMS 0x00000000ad800000, 0x00000000ad800000| Complete 
| 183|0x00000000ad900000, 0x00000000ada00000, 0x00000000ada00000|100%|HC|  |TAMS 0x00000000ad900000, 0x00000000ad900000| Complete 
| 184|0x00000000ada00000, 0x00000000adb00000, 0x00000000adb00000|100%|HC|  |TAMS 0x00000000ada00000, 0x00000000ada00000| Complete 
| 185|0x00000000adb00000, 0x00000000adc00000, 0x00000000adc00000|100%|HC|  |TAMS 0x00000000adb00000, 0x00000000adb00000| Complete 
| 186|0x00000000adc00000, 0x00000000add00000, 0x00000000add00000|100%|HC|  |TAMS 0x00000000adc00000, 0x00000000adc00000| Complete 
| 187|0x00000000add00000, 0x00000000ade00000, 0x00000000ade00000|100%|HC|  |TAMS 0x00000000add00000, 0x00000000add00000| Complete 
| 188|0x00000000ade00000, 0x00000000adf00000, 0x00000000adf00000|100%|HC|  |TAMS 0x00000000ade00000, 0x00000000ade00000| Complete 
| 189|0x00000000adf00000, 0x00000000ae000000, 0x00000000ae000000|100%|HC|  |TAMS 0x00000000adf00000, 0x00000000adf00000| Complete 
| 190|0x00000000ae000000, 0x00000000ae100000, 0x00000000ae100000|100%|HC|  |TAMS 0x00000000ae000000, 0x00000000ae000000| Complete 
| 191|0x00000000ae100000, 0x00000000ae200000, 0x00000000ae200000|100%|HC|  |TAMS 0x00000000ae100000, 0x00000000ae100000| Complete 
| 192|0x00000000ae200000, 0x00000000ae300000, 0x00000000ae300000|100%|HC|  |TAMS 0x00000000ae200000, 0x00000000ae200000| Complete 
| 193|0x00000000ae300000, 0x00000000ae400000, 0x00000000ae400000|100%|HC|  |TAMS 0x00000000ae300000, 0x00000000ae300000| Complete 
| 194|0x00000000ae400000, 0x00000000ae500000, 0x00000000ae500000|100%|HC|  |TAMS 0x00000000ae400000, 0x00000000ae400000| Complete 
| 195|0x00000000ae500000, 0x00000000ae600000, 0x00000000ae600000|100%|HC|  |TAMS 0x00000000ae500000, 0x00000000ae500000| Complete 
| 196|0x00000000ae600000, 0x00000000ae700000, 0x00000000ae700000|100%|HC|  |TAMS 0x00000000ae600000, 0x00000000ae600000| Complete 
| 197|0x00000000ae700000, 0x00000000ae800000, 0x00000000ae800000|100%|HC|  |TAMS 0x00000000ae700000, 0x00000000ae700000| Complete 
| 198|0x00000000ae800000, 0x00000000ae900000, 0x00000000ae900000|100%|HC|  |TAMS 0x00000000ae800000, 0x00000000ae800000| Complete 
| 199|0x00000000ae900000, 0x00000000aea00000, 0x00000000aea00000|100%|HC|  |TAMS 0x00000000ae900000, 0x00000000ae900000| Complete 
| 200|0x00000000aea00000, 0x00000000aeb00000, 0x00000000aeb00000|100%|HC|  |TAMS 0x00000000aea00000, 0x00000000aea00000| Complete 
| 201|0x00000000aeb00000, 0x00000000aec00000, 0x00000000aec00000|100%|HC|  |TAMS 0x00000000aeb00000, 0x00000000aeb00000| Complete 
| 202|0x00000000aec00000, 0x00000000aed00000, 0x00000000aed00000|100%|HC|  |TAMS 0x00000000aec00000, 0x00000000aec00000| Complete 
| 203|0x00000000aed00000, 0x00000000aee00000, 0x00000000aee00000|100%|HC|  |TAMS 0x00000000aed00000, 0x00000000aed00000| Complete 
| 204|0x00000000aee00000, 0x00000000aef00000, 0x00000000aef00000|100%|HC|  |TAMS 0x00000000aee00000, 0x00000000aee00000| Complete 
| 205|0x00000000aef00000, 0x00000000af000000, 0x00000000af000000|100%|HC|  |TAMS 0x00000000aef00000, 0x00000000aef00000| Complete 
| 206|0x00000000af000000, 0x00000000af100000, 0x00000000af100000|100%|HC|  |TAMS 0x00000000af000000, 0x00000000af000000| Complete 
| 207|0x00000000af100000, 0x00000000af200000, 0x00000000af200000|100%|HC|  |TAMS 0x00000000af100000, 0x00000000af100000| Complete 
| 208|0x00000000af200000, 0x00000000af300000, 0x00000000af300000|100%|HS|  |TAMS 0x00000000af200000, 0x00000000af200000| Complete 
| 209|0x00000000af300000, 0x00000000af400000, 0x00000000af400000|100%|HC|  |TAMS 0x00000000af300000, 0x00000000af300000| Complete 
| 210|0x00000000af400000, 0x00000000af500000, 0x00000000af500000|100%|HC|  |TAMS 0x00000000af400000, 0x00000000af400000| Complete 
| 211|0x00000000af500000, 0x00000000af600000, 0x00000000af600000|100%|HC|  |TAMS 0x00000000af500000, 0x00000000af500000| Complete 
| 212|0x00000000af600000, 0x00000000af700000, 0x00000000af700000|100%|HC|  |TAMS 0x00000000af600000, 0x00000000af600000| Complete 
| 213|0x00000000af700000, 0x00000000af800000, 0x00000000af800000|100%|HC|  |TAMS 0x00000000af700000, 0x00000000af700000| Complete 
| 214|0x00000000af800000, 0x00000000af900000, 0x00000000af900000|100%|HC|  |TAMS 0x00000000af800000, 0x00000000af800000| Complete 
| 215|0x00000000af900000, 0x00000000afa00000, 0x00000000afa00000|100%|HC|  |TAMS 0x00000000af900000, 0x00000000af900000| Complete 
| 216|0x00000000afa00000, 0x00000000afb00000, 0x00000000afb00000|100%|HC|  |TAMS 0x00000000afa00000, 0x00000000afa00000| Complete 
| 217|0x00000000afb00000, 0x00000000afc00000, 0x00000000afc00000|100%|HC|  |TAMS 0x00000000afb00000, 0x00000000afb00000| Complete 
| 218|0x00000000afc00000, 0x00000000afd00000, 0x00000000afd00000|100%|HC|  |TAMS 0x00000000afc00000, 0x00000000afc00000| Complete 
| 219|0x00000000afd00000, 0x00000000afe00000, 0x00000000afe00000|100%|HC|  |TAMS 0x00000000afd00000, 0x00000000afd00000| Complete 
| 220|0x00000000afe00000, 0x00000000aff00000, 0x00000000aff00000|100%|HC|  |TAMS 0x00000000afe00000, 0x00000000afe00000| Complete 
| 221|0x00000000aff00000, 0x00000000b0000000, 0x00000000b0000000|100%|HC|  |TAMS 0x00000000aff00000, 0x00000000aff00000| Complete 
| 222|0x00000000b0000000, 0x00000000b0100000, 0x00000000b0100000|100%|HC|  |TAMS 0x00000000b0000000, 0x00000000b0000000| Complete 
| 223|0x00000000b0100000, 0x00000000b0200000, 0x00000000b0200000|100%|HC|  |TAMS 0x00000000b0100000, 0x00000000b0100000| Complete 
| 224|0x00000000b0200000, 0x00000000b0300000, 0x00000000b0300000|100%|HC|  |TAMS 0x00000000b0200000, 0x00000000b0200000| Complete 
| 225|0x00000000b0300000, 0x00000000b0400000, 0x00000000b0400000|100%|HC|  |TAMS 0x00000000b0300000, 0x00000000b0300000| Complete 
| 226|0x00000000b0400000, 0x00000000b0500000, 0x00000000b0500000|100%|HC|  |TAMS 0x00000000b0400000, 0x00000000b0400000| Complete 
| 227|0x00000000b0500000, 0x00000000b0600000, 0x00000000b0600000|100%|HS|  |TAMS 0x00000000b0500000, 0x00000000b0500000| Complete 
| 228|0x00000000b0600000, 0x00000000b0700000, 0x00000000b0700000|100%|HC|  |TAMS 0x00000000b0600000, 0x00000000b0600000| Complete 
| 229|0x00000000b0700000, 0x00000000b0800000, 0x00000000b0800000|100%|HC|  |TAMS 0x00000000b0700000, 0x00000000b0700000| Complete 
| 230|0x00000000b0800000, 0x00000000b0900000, 0x00000000b0900000|100%|HC|  |TAMS 0x00000000b0800000, 0x00000000b0800000| Complete 
| 231|0x00000000b0900000, 0x00000000b0a00000, 0x00000000b0a00000|100%|HC|  |TAMS 0x00000000b0900000, 0x00000000b0900000| Complete 
| 232|0x00000000b0a00000, 0x00000000b0b00000, 0x00000000b0b00000|100%|HC|  |TAMS 0x00000000b0a00000, 0x00000000b0a00000| Complete 
| 233|0x00000000b0b00000, 0x00000000b0c00000, 0x00000000b0c00000|100%|HC|  |TAMS 0x00000000b0b00000, 0x00000000b0b00000| Complete 
| 234|0x00000000b0c00000, 0x00000000b0d00000, 0x00000000b0d00000|100%|HC|  |TAMS 0x00000000b0c00000, 0x00000000b0c00000| Complete 
| 235|0x00000000b0d00000, 0x00000000b0e00000, 0x00000000b0e00000|100%|HC|  |TAMS 0x00000000b0d00000, 0x00000000b0d00000| Complete 
| 236|0x00000000b0e00000, 0x00000000b0f00000, 0x00000000b0f00000|100%|HC|  |TAMS 0x00000000b0e00000, 0x00000000b0e00000| Complete 
| 237|0x00000000b0f00000, 0x00000000b1000000, 0x00000000b1000000|100%|HC|  |TAMS 0x00000000b0f00000, 0x00000000b0f00000| Complete 
| 238|0x00000000b1000000, 0x00000000b1100000, 0x00000000b1100000|100%|HC|  |TAMS 0x00000000b1000000, 0x00000000b1000000| Complete 
| 239|0x00000000b1100000, 0x00000000b1200000, 0x00000000b1200000|100%|HC|  |TAMS 0x00000000b1100000, 0x00000000b1100000| Complete 
| 240|0x00000000b1200000, 0x00000000b1300000, 0x00000000b1300000|100%|HC|  |TAMS 0x00000000b1200000, 0x00000000b1200000| Complete 
| 241|0x00000000b1300000, 0x00000000b1400000, 0x00000000b1400000|100%|HC|  |TAMS 0x00000000b1300000, 0x00000000b1300000| Complete 
| 242|0x00000000b1400000, 0x00000000b1500000, 0x00000000b1500000|100%|HC|  |TAMS 0x00000000b1400000, 0x00000000b1400000| Complete 
| 243|0x00000000b1500000, 0x00000000b1600000, 0x00000000b1600000|100%|HC|  |TAMS 0x00000000b1500000, 0x00000000b1500000| Complete 
| 244|0x00000000b1600000, 0x00000000b1700000, 0x00000000b1700000|100%|HC|  |TAMS 0x00000000b1600000, 0x00000000b1600000| Complete 
| 245|0x00000000b1700000, 0x00000000b1800000, 0x00000000b1800000|100%|HC|  |TAMS 0x00000000b1700000, 0x00000000b1700000| Complete 
| 246|0x00000000b1800000, 0x00000000b1900000, 0x00000000b1900000|100%|HS|  |TAMS 0x00000000b1800000, 0x00000000b1800000| Complete 
| 247|0x00000000b1900000, 0x00000000b1a00000, 0x00000000b1a00000|100%|HC|  |TAMS 0x00000000b1900000, 0x00000000b1900000| Complete 
| 248|0x00000000b1a00000, 0x00000000b1b00000, 0x00000000b1b00000|100%|HC|  |TAMS 0x00000000b1a00000, 0x00000000b1a00000| Complete 
| 249|0x00000000b1b00000, 0x00000000b1c00000, 0x00000000b1c00000|100%|HC|  |TAMS 0x00000000b1b00000, 0x00000000b1b00000| Complete 
| 250|0x00000000b1c00000, 0x00000000b1d00000, 0x00000000b1d00000|100%|HC|  |TAMS 0x00000000b1c00000, 0x00000000b1c00000| Complete 
| 251|0x00000000b1d00000, 0x00000000b1e00000, 0x00000000b1e00000|100%|HC|  |TAMS 0x00000000b1d00000, 0x00000000b1d00000| Complete 
| 252|0x00000000b1e00000, 0x00000000b1f00000, 0x00000000b1f00000|100%|HC|  |TAMS 0x00000000b1e00000, 0x00000000b1e00000| Complete 
| 253|0x00000000b1f00000, 0x00000000b2000000, 0x00000000b2000000|100%|HC|  |TAMS 0x00000000b1f00000, 0x00000000b1f00000| Complete 
| 254|0x00000000b2000000, 0x00000000b2100000, 0x00000000b2100000|100%|HC|  |TAMS 0x00000000b2000000, 0x00000000b2000000| Complete 
| 255|0x00000000b2100000, 0x00000000b2200000, 0x00000000b2200000|100%|HC|  |TAMS 0x00000000b2100000, 0x00000000b2100000| Complete 
| 256|0x00000000b2200000, 0x00000000b2300000, 0x00000000b2300000|100%|HC|  |TAMS 0x00000000b2200000, 0x00000000b2200000| Complete 
| 257|0x00000000b2300000, 0x00000000b2400000, 0x00000000b2400000|100%|HC|  |TAMS 0x00000000b2300000, 0x00000000b2300000| Complete 
| 258|0x00000000b2400000, 0x00000000b2500000, 0x00000000b2500000|100%|HC|  |TAMS 0x00000000b2400000, 0x00000000b2400000| Complete 
| 259|0x00000000b2500000, 0x00000000b2600000, 0x00000000b2600000|100%|HC|  |TAMS 0x00000000b2500000, 0x00000000b2500000| Complete 
| 260|0x00000000b2600000, 0x00000000b2700000, 0x00000000b2700000|100%|HC|  |TAMS 0x00000000b2600000, 0x00000000b2600000| Complete 
| 261|0x00000000b2700000, 0x00000000b2800000, 0x00000000b2800000|100%|HC|  |TAMS 0x00000000b2700000, 0x00000000b2700000| Complete 
| 262|0x00000000b2800000, 0x00000000b2900000, 0x00000000b2900000|100%|HC|  |TAMS 0x00000000b2800000, 0x00000000b2800000| Complete 
| 263|0x00000000b2900000, 0x00000000b2a00000, 0x00000000b2a00000|100%|HC|  |TAMS 0x00000000b2900000, 0x00000000b2900000| Complete 
| 264|0x00000000b2a00000, 0x00000000b2b00000, 0x00000000b2b00000|100%|HC|  |TAMS 0x00000000b2a00000, 0x00000000b2a00000| Complete 
| 265|0x00000000b2b00000, 0x00000000b2c00000, 0x00000000b2c00000|100%|HC|  |TAMS 0x00000000b2b00000, 0x00000000b2b00000| Complete 
| 266|0x00000000b2c00000, 0x00000000b2d00000, 0x00000000b2d00000|100%|HC|  |TAMS 0x00000000b2c00000, 0x00000000b2c00000| Complete 
| 267|0x00000000b2d00000, 0x00000000b2e00000, 0x00000000b2e00000|100%|HC|  |TAMS 0x00000000b2d00000, 0x00000000b2d00000| Complete 
| 268|0x00000000b2e00000, 0x00000000b2f00000, 0x00000000b2f00000|100%|HC|  |TAMS 0x00000000b2e00000, 0x00000000b2e00000| Complete 
| 269|0x00000000b2f00000, 0x00000000b3000000, 0x00000000b3000000|100%|HC|  |TAMS 0x00000000b2f00000, 0x00000000b2f00000| Complete 
| 270|0x00000000b3000000, 0x00000000b3100000, 0x00000000b3100000|100%|HC|  |TAMS 0x00000000b3000000, 0x00000000b3000000| Complete 
| 271|0x00000000b3100000, 0x00000000b3200000, 0x00000000b3200000|100%|HC|  |TAMS 0x00000000b3100000, 0x00000000b3100000| Complete 
| 272|0x00000000b3200000, 0x00000000b3300000, 0x00000000b3300000|100%|HC|  |TAMS 0x00000000b3200000, 0x00000000b3200000| Complete 
| 273|0x00000000b3300000, 0x00000000b3400000, 0x00000000b3400000|100%|HC|  |TAMS 0x00000000b3300000, 0x00000000b3300000| Complete 
| 274|0x00000000b3400000, 0x00000000b3500000, 0x00000000b3500000|100%|HC|  |TAMS 0x00000000b3400000, 0x00000000b3400000| Complete 
| 275|0x00000000b3500000, 0x00000000b3600000, 0x00000000b3600000|100%|HC|  |TAMS 0x00000000b3500000, 0x00000000b3500000| Complete 
| 276|0x00000000b3600000, 0x00000000b3700000, 0x00000000b3700000|100%|HC|  |TAMS 0x00000000b3600000, 0x00000000b3600000| Complete 
| 277|0x00000000b3700000, 0x00000000b3800000, 0x00000000b3800000|100%|HC|  |TAMS 0x00000000b3700000, 0x00000000b3700000| Complete 
| 278|0x00000000b3800000, 0x00000000b3900000, 0x00000000b3900000|100%|HC|  |TAMS 0x00000000b3800000, 0x00000000b3800000| Complete 
| 279|0x00000000b3900000, 0x00000000b3a00000, 0x00000000b3a00000|100%|HC|  |TAMS 0x00000000b3900000, 0x00000000b3900000| Complete 
| 280|0x00000000b3a00000, 0x00000000b3b00000, 0x00000000b3b00000|100%|HC|  |TAMS 0x00000000b3a00000, 0x00000000b3a00000| Complete 
| 281|0x00000000b3b00000, 0x00000000b3c00000, 0x00000000b3c00000|100%|HC|  |TAMS 0x00000000b3b00000, 0x00000000b3b00000| Complete 
| 282|0x00000000b3c00000, 0x00000000b3d00000, 0x00000000b3d00000|100%|HC|  |TAMS 0x00000000b3c00000, 0x00000000b3c00000| Complete 
| 283|0x00000000b3d00000, 0x00000000b3e00000, 0x00000000b3e00000|100%|HC|  |TAMS 0x00000000b3d00000, 0x00000000b3d00000| Complete 
| 284|0x00000000b3e00000, 0x00000000b3f00000, 0x00000000b3f00000|100%|HS|  |TAMS 0x00000000b3e00000, 0x00000000b3e00000| Complete 
| 285|0x00000000b3f00000, 0x00000000b4000000, 0x00000000b4000000|100%|HC|  |TAMS 0x00000000b3f00000, 0x00000000b3f00000| Complete 
| 286|0x00000000b4000000, 0x00000000b4100000, 0x00000000b4100000|100%|HC|  |TAMS 0x00000000b4000000, 0x00000000b4000000| Complete 
| 287|0x00000000b4100000, 0x00000000b4200000, 0x00000000b4200000|100%|HC|  |TAMS 0x00000000b4100000, 0x00000000b4100000| Complete 
| 288|0x00000000b4200000, 0x00000000b4300000, 0x00000000b4300000|100%|HC|  |TAMS 0x00000000b4200000, 0x00000000b4200000| Complete 
| 289|0x00000000b4300000, 0x00000000b4400000, 0x00000000b4400000|100%|HC|  |TAMS 0x00000000b4300000, 0x00000000b4300000| Complete 
| 290|0x00000000b4400000, 0x00000000b4500000, 0x00000000b4500000|100%|HC|  |TAMS 0x00000000b4400000, 0x00000000b4400000| Complete 
| 291|0x00000000b4500000, 0x00000000b4600000, 0x00000000b4600000|100%|HC|  |TAMS 0x00000000b4500000, 0x00000000b4500000| Complete 
| 292|0x00000000b4600000, 0x00000000b4700000, 0x00000000b4700000|100%|HC|  |TAMS 0x00000000b4600000, 0x00000000b4600000| Complete 
| 293|0x00000000b4700000, 0x00000000b4800000, 0x00000000b4800000|100%|HC|  |TAMS 0x00000000b4700000, 0x00000000b4700000| Complete 
| 294|0x00000000b4800000, 0x00000000b4900000, 0x00000000b4900000|100%|HC|  |TAMS 0x00000000b4800000, 0x00000000b4800000| Complete 
| 295|0x00000000b4900000, 0x00000000b4a00000, 0x00000000b4a00000|100%|HC|  |TAMS 0x00000000b4900000, 0x00000000b4900000| Complete 
| 296|0x00000000b4a00000, 0x00000000b4b00000, 0x00000000b4b00000|100%|HC|  |TAMS 0x00000000b4a00000, 0x00000000b4a00000| Complete 
| 297|0x00000000b4b00000, 0x00000000b4c00000, 0x00000000b4c00000|100%|HC|  |TAMS 0x00000000b4b00000, 0x00000000b4b00000| Complete 
| 298|0x00000000b4c00000, 0x00000000b4d00000, 0x00000000b4d00000|100%|HC|  |TAMS 0x00000000b4c00000, 0x00000000b4c00000| Complete 
| 299|0x00000000b4d00000, 0x00000000b4e00000, 0x00000000b4e00000|100%|HC|  |TAMS 0x00000000b4d00000, 0x00000000b4d00000| Complete 
| 300|0x00000000b4e00000, 0x00000000b4f00000, 0x00000000b4f00000|100%|HC|  |TAMS 0x00000000b4e00000, 0x00000000b4e00000| Complete 
| 301|0x00000000b4f00000, 0x00000000b5000000, 0x00000000b5000000|100%|HC|  |TAMS 0x00000000b4f00000, 0x00000000b4f00000| Complete 
| 302|0x00000000b5000000, 0x00000000b5100000, 0x00000000b5100000|100%|HC|  |TAMS 0x00000000b5000000, 0x00000000b5000000| Complete 
| 303|0x00000000b5100000, 0x00000000b51f79c8, 0x00000000b5200000| 96%| E|  |TAMS 0x00000000b5100000, 0x00000000b5100000| Complete 
| 304|0x00000000b5200000, 0x00000000b5300000, 0x00000000b5300000|100%| E|CS|TAMS 0x00000000b5200000, 0x00000000b5200000| Complete 
| 305|0x00000000b5300000, 0x00000000b5400000, 0x00000000b5400000|100%| E|  |TAMS 0x00000000b5300000, 0x00000000b5300000| Complete 
| 306|0x00000000b5400000, 0x00000000b5500000, 0x00000000b5500000|100%| E|CS|TAMS 0x00000000b5400000, 0x00000000b5400000| Complete 
| 307|0x00000000b5500000, 0x00000000b5600000, 0x00000000b5600000|100%|HS|  |TAMS 0x00000000b5500000, 0x00000000b5500000| Complete 
| 308|0x00000000b5600000, 0x00000000b5700000, 0x00000000b5700000|100%|HC|  |TAMS 0x00000000b5600000, 0x00000000b5600000| Complete 
| 309|0x00000000b5700000, 0x00000000b5800000, 0x00000000b5800000|100%|HC|  |TAMS 0x00000000b5700000, 0x00000000b5700000| Complete 
| 310|0x00000000b5800000, 0x00000000b5900000, 0x00000000b5900000|100%|HC|  |TAMS 0x00000000b5800000, 0x00000000b5800000| Complete 
| 311|0x00000000b5900000, 0x00000000b5a00000, 0x00000000b5a00000|100%| S|CS|TAMS 0x00000000b5900000, 0x00000000b5900000| Complete 
| 312|0x00000000b5a00000, 0x00000000b5a43dd0, 0x00000000b5b00000| 26%| S|CS|TAMS 0x00000000b5a00000, 0x00000000b5a00000| Complete 
| 313|0x00000000b5b00000, 0x00000000b5b00000, 0x00000000b5c00000|  0%| F|  |TAMS 0x00000000b5b00000, 0x00000000b5b00000| Untracked 
| 314|0x00000000b5c00000, 0x00000000b5c00000, 0x00000000b5d00000|  0%| F|  |TAMS 0x00000000b5c00000, 0x00000000b5c00000| Untracked 
| 315|0x00000000b5d00000, 0x00000000b5d00000, 0x00000000b5e00000|  0%| F|  |TAMS 0x00000000b5d00000, 0x00000000b5d00000| Untracked 
| 316|0x00000000b5e00000, 0x00000000b5e00000, 0x00000000b5f00000|  0%| F|  |TAMS 0x00000000b5e00000, 0x00000000b5e00000| Untracked 
| 317|0x00000000b5f00000, 0x00000000b5f00000, 0x00000000b6000000|  0%| F|  |TAMS 0x00000000b5f00000, 0x00000000b5f00000| Untracked 
| 318|0x00000000b6000000, 0x00000000b6000000, 0x00000000b6100000|  0%| F|  |TAMS 0x00000000b6000000, 0x00000000b6000000| Untracked 

Card table byte_map: [0x000001780c1c0000,0x000001780c4b0000] _byte_map_base: 0x000001780bcaf000

Marking Bits (Prev, Next): (CMBitMap*) 0x000001787fa5e490, (CMBitMap*) 0x000001787fa5e450
 Prev Bits: [0x000001780df20000, 0x000001780f698000)
 Next Bits: [0x000001780c7a0000, 0x000001780df18000)

Polling page: 0x000001787f1c0000

Metaspace:

Usage:
  Non-class:     80.21 MB used.
      Class:     14.05 MB used.
       Both:     94.26 MB used.

Virtual space:
  Non-class space:      128.00 MB reserved,      80.62 MB ( 63%) committed,  2 nodes.
      Class space:        1.00 GB reserved,      14.44 MB (  1%) committed,  1 nodes.
             Both:        1.12 GB reserved,      95.06 MB (  8%) committed. 

Chunk freelists:
   Non-Class:  15.20 MB
       Class:  1.56 MB
        Both:  16.76 MB

MaxMetaspaceSize: unlimited
CompressedClassSpaceSize: 1.00 GB
Initial GC threshold: 21.00 MB
Current GC threshold: 158.25 MB
CDS: on
MetaspaceReclaimPolicy: balanced
 - commit_granule_bytes: 65536.
 - commit_granule_words: 8192.
 - virtual_space_node_default_size: 8388608.
 - enlarge_chunks_in_place: 1.
 - new_chunks_are_fully_committed: 0.
 - uncommit_free_chunks: 1.
 - use_allocation_guard: 0.
 - handle_deallocations: 1.


Internal statistics:

num_allocs_failed_limit: 9.
num_arena_births: 1300.
num_arena_deaths: 0.
num_vsnodes_births: 3.
num_vsnodes_deaths: 0.
num_space_committed: 1521.
num_space_uncommitted: 0.
num_chunks_returned_to_freelist: 9.
num_chunks_taken_from_freelist: 4860.
num_chunk_merges: 9.
num_chunk_splits: 3412.
num_chunks_enlarged: 2563.
num_inconsistent_stats: 0.

CodeCache: size=49152Kb used=19158Kb max_used=19158Kb free=29993Kb
 bounds [0x0000017808ed0000, 0x000001780a1f0000, 0x000001780bed0000]
 total_blobs=12035 nmethods=11246 adapters=713
 compilation: enabled
              stopped_count=0, restarted_count=0
 full_count=0

Compilation events (20 events):
Event: 41.008 Thread 0x00000178121bc360 nmethod 11236 0x000001780a13b190 code [0x000001780a13b3a0, 0x000001780a13b6d8]
Event: 41.008 Thread 0x000001785e197860 nmethod 11237 0x000001780a13aa90 code [0x000001780a13ac60, 0x000001780a13af68]
Event: 41.009 Thread 0x00000178121bc360 11238       1       org.apache.tomcat.util.threads.ThreadPoolExecutor::workerCountOf (5 bytes)
Event: 41.009 Thread 0x00000178121bc360 nmethod 11238 0x000001780a13a790 code [0x000001780a13a920, 0x000001780a13a9d8]
Event: 41.016 Thread 0x00000178121bc360 11239       1       org.hibernate.engine.spi.LoadQueryInfluencers::setReadOnly (6 bytes)
Event: 41.016 Thread 0x00000178121bc360 nmethod 11239 0x000001780a13a490 code [0x000001780a13a620, 0x000001780a13a738]
Event: 41.017 Thread 0x00000178121bc360 11240       1       org.hibernate.engine.jdbc.env.internal.JdbcEnvironmentImpl::getSqlAstTranslatorFactory (5 bytes)
Event: 41.017 Thread 0x000001785e197860 11241       1       org.hibernate.sql.ast.spi.AbstractSqlAstTranslator::getQueryPartStack (5 bytes)
Event: 41.018 Thread 0x00000178121bc360 nmethod 11240 0x000001780a13a190 code [0x000001780a13a320, 0x000001780a13a3f8]
Event: 41.018 Thread 0x00000178121bc360 11242       1       org.hibernate.sql.ast.spi.AbstractSqlAstTranslator::getClauseStack (5 bytes)
Event: 41.018 Thread 0x000001785e197860 nmethod 11241 0x000001780a139e90 code [0x000001780a13a020, 0x000001780a13a0f8]
Event: 41.018 Thread 0x00000178121bc360 nmethod 11242 0x000001780a139b90 code [0x000001780a139d20, 0x000001780a139df8]
Event: 41.018 Thread 0x000001785e197860 11243       1       org.hibernate.sql.ast.spi.AbstractSqlAstTranslator::setOffsetParameter (6 bytes)
Event: 41.018 Thread 0x000001785e197860 nmethod 11243 0x000001780a139890 code [0x000001780a139a20, 0x000001780a139b38]
Event: 41.019 Thread 0x000001785e197860 11244       1       java.lang.invoke.LambdaForm$DMH/0x00000178149d8800::newInvokeSpecial (24 bytes)
Event: 41.020 Thread 0x00000178121bc360 11245       1       org.springframework.util.MimeType::hashCode (38 bytes)
Event: 41.020 Thread 0x00000178121bc360 nmethod 11245 0x000001780a139490 code [0x000001780a139640, 0x000001780a1397a8]
Event: 41.020 Thread 0x00000178121bc360 11246       1       jakarta.servlet.ServletRequestWrapper::getCharacterEncoding (10 bytes)
Event: 41.020 Thread 0x00000178121bc360 nmethod 11246 0x000001780a139190 code [0x000001780a139340, 0x000001780a139428]
Event: 41.021 Thread 0x000001785e197860 nmethod 11244 0x000001780a138c90 code [0x000001780a138e40, 0x000001780a138fe8]

GC Heap History (20 events):
Event: 29.586 GC heap before
{Heap before GC invocations=33 (full 0):
 garbage-first heap   total 80896K, used 67352K [0x00000000a2200000, 0x0000000100000000)
  region size 1024K, 24 young (24576K), 2 survivors (2048K)
 Metaspace       used 88267K, committed 88896K, reserved 1179648K
  class space    used 13094K, committed 13376K, reserved 1048576K
}
Event: 29.590 GC heap after
{Heap after GC invocations=34 (full 0):
 garbage-first heap   total 80896K, used 45401K [0x00000000a2200000, 0x0000000100000000)
  region size 1024K, 3 young (3072K), 3 survivors (3072K)
 Metaspace       used 88267K, committed 88896K, reserved 1179648K
  class space    used 13094K, committed 13376K, reserved 1048576K
}
Event: 30.226 GC heap before
{Heap before GC invocations=35 (full 0):
 garbage-first heap   total 81920K, used 66905K [0x00000000a2200000, 0x0000000100000000)
  region size 1024K, 24 young (24576K), 3 survivors (3072K)
 Metaspace       used 89054K, committed 89728K, reserved 1179648K
  class space    used 13238K, committed 13568K, reserved 1048576K
}
Event: 30.230 GC heap after
{Heap after GC invocations=36 (full 0):
 garbage-first heap   total 81920K, used 46264K [0x00000000a2200000, 0x0000000100000000)
  region size 1024K, 3 young (3072K), 3 survivors (3072K)
 Metaspace       used 89054K, committed 89728K, reserved 1179648K
  class space    used 13238K, committed 13568K, reserved 1048576K
}
Event: 30.763 GC heap before
{Heap before GC invocations=36 (full 0):
 garbage-first heap   total 81920K, used 68792K [0x00000000a2200000, 0x0000000100000000)
  region size 1024K, 25 young (25600K), 3 survivors (3072K)
 Metaspace       used 89549K, committed 90240K, reserved 1179648K
  class space    used 13311K, committed 13632K, reserved 1048576K
}
Event: 30.768 GC heap after
{Heap after GC invocations=37 (full 0):
 garbage-first heap   total 81920K, used 47001K [0x00000000a2200000, 0x0000000100000000)
  region size 1024K, 3 young (3072K), 3 survivors (3072K)
 Metaspace       used 89549K, committed 90240K, reserved 1179648K
  class space    used 13311K, committed 13632K, reserved 1048576K
}
Event: 31.631 GC heap before
{Heap before GC invocations=38 (full 0):
 garbage-first heap   total 86016K, used 68505K [0x00000000a2200000, 0x0000000100000000)
  region size 1024K, 24 young (24576K), 3 survivors (3072K)
 Metaspace       used 91549K, committed 92288K, reserved 1179648K
  class space    used 13617K, committed 13952K, reserved 1048576K
}
Event: 31.636 GC heap after
{Heap after GC invocations=39 (full 0):
 garbage-first heap   total 103424K, used 48188K [0x00000000a2200000, 0x0000000100000000)
  region size 1024K, 3 young (3072K), 3 survivors (3072K)
 Metaspace       used 91549K, committed 92288K, reserved 1179648K
  class space    used 13617K, committed 13952K, reserved 1048576K
}
Event: 32.612 GC heap before
{Heap before GC invocations=39 (full 0):
 garbage-first heap   total 103424K, used 75836K [0x00000000a2200000, 0x0000000100000000)
  region size 1024K, 32 young (32768K), 3 survivors (3072K)
 Metaspace       used 96012K, committed 96832K, reserved 1179648K
  class space    used 14288K, committed 14656K, reserved 1048576K
}
Event: 32.623 GC heap after
{Heap after GC invocations=40 (full 0):
 garbage-first heap   total 103424K, used 50583K [0x00000000a2200000, 0x0000000100000000)
  region size 1024K, 5 young (5120K), 5 survivors (5120K)
 Metaspace       used 96012K, committed 96832K, reserved 1179648K
  class space    used 14288K, committed 14656K, reserved 1048576K
}
Event: 32.715 GC heap before
{Heap before GC invocations=40 (full 0):
 garbage-first heap   total 103424K, used 53655K [0x00000000a2200000, 0x0000000100000000)
  region size 1024K, 8 young (8192K), 5 survivors (5120K)
 Metaspace       used 96131K, committed 96896K, reserved 1179648K
  class space    used 14314K, committed 14656K, reserved 1048576K
}
Event: 32.731 GC heap after
{Heap after GC invocations=41 (full 0):
 garbage-first heap   total 103424K, used 53806K [0x00000000a2200000, 0x0000000100000000)
  region size 1024K, 2 young (2048K), 2 survivors (2048K)
 Metaspace       used 96131K, committed 96896K, reserved 1179648K
  class space    used 14314K, committed 14656K, reserved 1048576K
}
Event: 34.826 GC heap before
{Heap before GC invocations=42 (full 0):
 garbage-first heap   total 133120K, used 130606K [0x00000000a2200000, 0x0000000100000000)
  region size 1024K, 6 young (6144K), 2 survivors (2048K)
 Metaspace       used 96179K, committed 96960K, reserved 1179648K
  class space    used 14327K, committed 14656K, reserved 1048576K
}
Event: 34.831 GC heap after
{Heap after GC invocations=43 (full 0):
 garbage-first heap   total 134144K, used 64368K [0x00000000a2200000, 0x0000000100000000)
  region size 1024K, 1 young (1024K), 1 survivors (1024K)
 Metaspace       used 96179K, committed 96960K, reserved 1179648K
  class space    used 14327K, committed 14656K, reserved 1048576K
}
Event: 35.761 GC heap before
{Heap before GC invocations=43 (full 0):
 garbage-first heap   total 148480K, used 146288K [0x00000000a2200000, 0x0000000100000000)
  region size 1024K, 6 young (6144K), 1 survivors (1024K)
 Metaspace       used 96413K, committed 97216K, reserved 1179648K
  class space    used 14368K, committed 14720K, reserved 1048576K
}
Event: 35.767 GC heap after
{Heap after GC invocations=44 (full 0):
 garbage-first heap   total 148480K, used 79556K [0x00000000a2200000, 0x0000000100000000)
  region size 1024K, 1 young (1024K), 1 survivors (1024K)
 Metaspace       used 96413K, committed 97216K, reserved 1179648K
  class space    used 14368K, committed 14720K, reserved 1048576K
}
Event: 35.801 GC heap before
{Heap before GC invocations=44 (full 0):
 garbage-first heap   total 148480K, used 80580K [0x00000000a2200000, 0x0000000100000000)
  region size 1024K, 3 young (3072K), 1 survivors (1024K)
 Metaspace       used 96413K, committed 97216K, reserved 1179648K
  class space    used 14368K, committed 14720K, reserved 1048576K
}
Event: 35.804 GC heap after
{Heap after GC invocations=45 (full 0):
 garbage-first heap   total 148480K, used 72282K [0x00000000a2200000, 0x0000000100000000)
  region size 1024K, 1 young (1024K), 1 survivors (1024K)
 Metaspace       used 96413K, committed 97216K, reserved 1179648K
  class space    used 14368K, committed 14720K, reserved 1048576K
}
Event: 39.370 GC heap before
{Heap before GC invocations=46 (full 0):
 garbage-first heap   total 318464K, used 317018K [0x00000000a2200000, 0x0000000100000000)
  region size 1024K, 7 young (7168K), 1 survivors (1024K)
 Metaspace       used 96525K, committed 97344K, reserved 1179648K
  class space    used 14387K, committed 14784K, reserved 1048576K
}
Event: 39.382 GC heap after
{Heap after GC invocations=47 (full 0):
 garbage-first heap   total 320512K, used 63656K [0x00000000a2200000, 0x0000000100000000)
  region size 1024K, 2 young (2048K), 2 survivors (2048K)
 Metaspace       used 96525K, committed 97344K, reserved 1179648K
  class space    used 14387K, committed 14784K, reserved 1048576K
}

Dll operation events (12 events):
Event: 0.027 Loaded shared library C:\Users\Korisnik\.jdks\ms-17.0.17\bin\java.dll
Event: 0.072 Loaded shared library C:\Users\Korisnik\.jdks\ms-17.0.17\bin\jsvml.dll
Event: 0.606 Loaded shared library C:\Users\Korisnik\.jdks\ms-17.0.17\bin\zip.dll
Event: 0.611 Loaded shared library C:\Users\Korisnik\.jdks\ms-17.0.17\bin\instrument.dll
Event: 0.622 Loaded shared library C:\Users\Korisnik\.jdks\ms-17.0.17\bin\net.dll
Event: 0.624 Loaded shared library C:\Users\Korisnik\.jdks\ms-17.0.17\bin\nio.dll
Event: 0.630 Loaded shared library C:\Users\Korisnik\.jdks\ms-17.0.17\bin\zip.dll
Event: 0.972 Loaded shared library C:\Users\Korisnik\.jdks\ms-17.0.17\bin\jimage.dll
Event: 0.986 Loaded shared library C:\Users\Korisnik\.jdks\ms-17.0.17\bin\extnet.dll
Event: 1.029 Loaded shared library C:\Users\Korisnik\.jdks\ms-17.0.17\bin\management.dll
Event: 1.064 Loaded shared library C:\Users\Korisnik\.jdks\ms-17.0.17\bin\management_ext.dll
Event: 5.398 Loaded shared library C:\Users\Korisnik\.jdks\ms-17.0.17\bin\sunmscapi.dll

Deoptimization events (2 events):
Event: 32.246 Thread 0x000001785904a450 DEOPT PACKING pc=0x0000017809eedd94 sp=0x00000033143faec0
Event: 32.246 Thread 0x000001785904a450 DEOPT UNPACKING pc=0x0000017808f27143 sp=0x00000033143fa360 mode 0

Classes loaded (20 events):
Event: 32.599 Loading class java/util/concurrent/atomic/AtomicLongFieldUpdater
Event: 32.599 Loading class java/util/concurrent/atomic/AtomicLongFieldUpdater done
Event: 32.600 Loading class java/util/concurrent/atomic/AtomicLongFieldUpdater$CASUpdater
Event: 32.600 Loading class java/util/concurrent/atomic/AtomicLongFieldUpdater$CASUpdater done
Event: 32.600 Loading class java/util/concurrent/atomic/AtomicLongFieldUpdater$CASUpdater$1
Event: 32.600 Loading class java/util/concurrent/atomic/AtomicLongFieldUpdater$CASUpdater$1 done
Event: 32.606 Loading class java/util/concurrent/atomic/Striped64$Cell
Event: 32.606 Loading class java/util/concurrent/atomic/Striped64$Cell done
Event: 34.546 Loading class javax/management/remote/rmi/RMIConnectionImpl$6
Event: 34.546 Loading class javax/management/remote/rmi/RMIConnectionImpl$6 done
Event: 34.547 Loading class javax/management/remote/rmi/RMIConnectionImpl$7
Event: 34.547 Loading class javax/management/remote/rmi/RMIConnectionImpl$7 done
Event: 34.547 Loading class com/sun/jmx/remote/util/OrderClassLoaders
Event: 34.547 Loading class com/sun/jmx/remote/util/OrderClassLoaders done
Event: 34.548 Loading class javax/management/remote/rmi/RMIConnectionImpl$SetCcl
Event: 34.549 Loading class javax/management/remote/rmi/RMIConnectionImpl$SetCcl done
Event: 34.549 Loading class java/rmi/MarshalledObject$MarshalledObjectInputStream
Event: 34.550 Loading class java/rmi/MarshalledObject$MarshalledObjectInputStream done
Event: 35.588 Loading class java/util/function/LongSupplier
Event: 35.590 Loading class java/util/function/LongSupplier done

Classes unloaded (0 events):
No events

Classes redefined (0 events):
No events

Internal exceptions (20 events):
Event: 28.979 Thread 0x000001787fa11c90 Exception <a 'java/lang/IncompatibleClassChangeError'{0x00000000a5d15f70}: Found class java.lang.Object, but interface was expected> (0x00000000a5d15f70) 
thrown [s\src\hotspot\share\interpreter\linkResolver.cpp, line 826]
Event: 30.900 Thread 0x000001787fa11c90 Exception <a 'java/lang/NoSuchMethodError'{0x00000000a74e8288}: 'java.lang.Object java.lang.invoke.DirectMethodHandle$Holder.invokeSpecial(java.lang.Object, java.lang.Object, java.lang.Object, java.lang.Object, java.lang.Object, java.lang.Object, java.lang.Object, java.lang.Object, java.lang.Object, java.lang.Object, java.lang.Object)'> (0x00000000a74e8288) 
thrown [s\src\hotspot\share\interpreter\linkResolver.cpp, line 759]
Event: 30.900 Thread 0x000001787fa11c90 Exception <a 'java/lang/NoSuchMethodError'{0x00000000a74ec6b8}: 'java.lang.Object java.lang.invoke.Invokers$Holder.invoke_MT(java.lang.Object, java.lang.Object, java.lang.Object, java.lang.Object, java.lang.Object, java.lang.Object, java.lang.Object, java.lang.Object, java.lang.Object, java.lang.Object, java.lang.Object)'> (0x00000000a74ec6b8) 
thrown [s\src\hotspot\share\interpreter\linkResolver.cpp, line 759]
Event: 31.324 Thread 0x000001787fa11c90 Exception <a 'java/lang/NoSuchMethodError'{0x00000000a66cb178}: 'void java.lang.invoke.DirectMethodHandle$Holder.invokeSpecial(java.lang.Object, java.lang.Object, long)'> (0x00000000a66cb178) 
thrown [s\src\hotspot\share\interpreter\linkResolver.cpp, line 759]
Event: 31.326 Thread 0x000001787fa11c90 Exception <a 'java/lang/NoSuchMethodError'{0x00000000a66d4dc0}: 'void java.lang.invoke.DirectMethodHandle$Holder.invokeSpecial(java.lang.Object, java.lang.Object, int)'> (0x00000000a66d4dc0) 
thrown [s\src\hotspot\share\interpreter\linkResolver.cpp, line 759]
Event: 31.339 Thread 0x000001787fa11c90 Exception <a 'java/lang/NoSuchMethodError'{0x00000000a6504c20}: 'java.lang.Object java.lang.invoke.DirectMethodHandle$Holder.newInvokeSpecial(java.lang.Object, java.lang.Object, int, java.lang.Object, java.lang.Object)'> (0x00000000a6504c20) 
thrown [s\src\hotspot\share\interpreter\linkResolver.cpp, line 759]
Event: 31.532 Thread 0x000001785de20c40 Exception <a 'java/lang/NoSuchMethodError'{0x00000000a62284d8}: 'java.lang.Object java.lang.invoke.DirectMethodHandle$Holder.invokeStaticInit(java.lang.Object, java.lang.Object, java.lang.Object, int, int)'> (0x00000000a62284d8) 
thrown [s\src\hotspot\share\interpreter\linkResolver.cpp, line 759]
Event: 31.637 Thread 0x0000017859048b00 Exception <a 'java/lang/NoSuchMethodError'{0x00000000a861ed80}: 'java.lang.Object java.lang.invoke.DirectMethodHandle$Holder.invokeSpecial(java.lang.Object, java.lang.Object, java.lang.Object, java.lang.Object, java.lang.Object, long)'> (0x00000000a861ed80) 
thrown [s\src\hotspot\share\interpreter\linkResolver.cpp, line 759]
Event: 31.637 Thread 0x0000017859048b00 Exception <a 'java/lang/NoSuchMethodError'{0x00000000a86227c0}: 'java.lang.Object java.lang.invoke.Invokers$Holder.linkToTargetMethod(java.lang.Object, java.lang.Object, java.lang.Object, long, java.lang.Object)'> (0x00000000a86227c0) 
thrown [s\src\hotspot\share\interpreter\linkResolver.cpp, line 759]
Event: 32.074 Thread 0x0000017859048b00 Exception <a 'java/lang/IncompatibleClassChangeError'{0x00000000a7802820}: Found class java.lang.Object, but interface was expected> (0x00000000a7802820) 
thrown [s\src\hotspot\share\interpreter\linkResolver.cpp, line 826]
Event: 32.298 Thread 0x000001787fa11c90 Exception <a 'java/lang/NoSuchMethodError'{0x00000000a72b6f98}: 'java.lang.Object java.lang.invoke.Invokers$Holder.linkToTargetMethod(java.lang.Object, int, java.lang.Object, java.lang.Object, java.lang.Object, java.lang.Object)'> (0x00000000a72b6f98) 
thrown [s\src\hotspot\share\interpreter\linkResolver.cpp, line 759]
Event: 32.301 Thread 0x000001787fa11c90 Exception <a 'java/lang/NoSuchMethodError'{0x00000000a72c3b48}: 'int java.lang.invoke.DirectMethodHandle$Holder.invokeStatic(java.lang.Object, java.lang.Object, int, java.lang.Object)'> (0x00000000a72c3b48) 
thrown [s\src\hotspot\share\interpreter\linkResolver.cpp, line 759]
Event: 32.628 Thread 0x000001785de1f800 Exception <a 'java/lang/NoSuchMethodError'{0x00000000a860c760}: 'java.lang.Object java.lang.invoke.DirectMethodHandle$Holder.newInvokeSpecial(java.lang.Object, java.lang.Object, long, java.lang.Object, java.lang.Object, java.lang.Object, java.lang.Object)'> (0x00000000a860c760) 
thrown [s\src\hotspot\share\interpreter\linkResolver.cpp, line 759]
Event: 32.630 Thread 0x000001785de1f800 Exception <a 'java/lang/NoSuchMethodError'{0x00000000a8627248}: 'java.lang.Object java.lang.invoke.Invokers$Holder.linkToTargetMethod(java.lang.Object, long, java.lang.Object, java.lang.Object, java.lang.Object, java.lang.Object, java.lang.Object)'> (0x00000000a8627248) 
thrown [s\src\hotspot\share\interpreter\linkResolver.cpp, line 759]
Event: 35.149 Thread 0x000001785de21150 Exception <a 'java/io/IOException'{0x00000000a9fbda20}: Connection reset by peer> (0x00000000a9fbda20) 
thrown [s\src\hotspot\share\prims\jni.cpp, line 535]
Event: 35.150 Thread 0x0000017859049010 Exception <a 'java/io/IOException'{0x00000000a9fbab10}: Connection reset by peer> (0x00000000a9fbab10) 
thrown [s\src\hotspot\share\prims\jni.cpp, line 535]
Event: 35.172 Thread 0x000001785de21150 Exception <a 'java/io/IOException'{0x00000000a9ff4b58}: Connection reset by peer> (0x00000000a9ff4b58) 
thrown [s\src\hotspot\share\prims\jni.cpp, line 535]
Event: 35.172 Thread 0x0000017859049010 Exception <a 'java/io/IOException'{0x00000000a9ff44f8}: Connection reset by peer> (0x00000000a9ff44f8) 
thrown [s\src\hotspot\share\prims\jni.cpp, line 535]
Event: 39.869 Thread 0x000001785de1f2f0 Exception <a 'java/io/IOException'{0x00000000b531d610}: Connection reset by peer> (0x00000000b531d610) 
thrown [s\src\hotspot\share\prims\jni.cpp, line 535]
Event: 39.887 Thread 0x000001785de1f2f0 Exception <a 'java/io/IOException'{0x00000000b5321c90}: Connection reset by peer> (0x00000000b5321c90) 
thrown [s\src\hotspot\share\prims\jni.cpp, line 535]

VM Operations (20 events):
Event: 35.610 Executing VM operation: HandshakeAllThreads
Event: 35.610 Executing VM operation: HandshakeAllThreads done
Event: 35.746 Executing VM operation: G1CollectForAllocation
Event: 35.767 Executing VM operation: G1CollectForAllocation done
Event: 35.801 Executing VM operation: G1TryInitiateConcMark
Event: 35.805 Executing VM operation: G1TryInitiateConcMark done
Event: 35.873 Executing VM operation: G1PauseRemark
Event: 35.884 Executing VM operation: G1PauseRemark done
Event: 35.913 Executing VM operation: G1PauseCleanup
Event: 35.929 Executing VM operation: G1PauseCleanup done
Event: 36.931 Executing VM operation: Cleanup
Event: 36.931 Executing VM operation: Cleanup done
Event: 38.944 Executing VM operation: Cleanup
Event: 38.944 Executing VM operation: Cleanup done
Event: 39.369 Executing VM operation: G1CollectForAllocation
Event: 39.382 Executing VM operation: G1CollectForAllocation done
Event: 40.395 Executing VM operation: Cleanup
Event: 40.411 Executing VM operation: Cleanup done
Event: 41.425 Executing VM operation: Cleanup
Event: 41.425 Executing VM operation: Cleanup done

Memory protections (0 events):
No events

Nmethod flushes (0 events):
No events

Events (20 events):
Event: 32.168 Thread 0x000001785de20220 Thread added: 0x000001785de22fb0
Event: 32.168 Thread 0x000001785de20220 Thread added: 0x000001785de22080
Event: 32.190 Thread 0x000001787fa11c90 Thread added: 0x000001785de234c0
Event: 32.568 Thread 0x000001787fa11c90 Thread exited: 0x000001787fa11c90
Event: 32.568 Thread 0x000001785de23ee0 Thread added: 0x000001785de23ee0
Event: 32.591 Thread 0x0000017859049a30 Thread added: 0x000001785de243f0
Event: 32.674 Thread 0x000001785de1f800 Thread added: 0x000001785de24900
Event: 34.393 Thread 0x0000017812898330 Thread added: 0x000001785de25320
Event: 34.478 Thread 0x000001785de243f0 Thread exited: 0x000001785de243f0
Event: 34.514 Thread 0x000001785de25320 Thread added: 0x000001785de1e8d0
Event: 34.555 Thread 0x000001785de1e8d0 Thread exited: 0x000001785de1e8d0
Event: 34.568 Thread 0x000001785de25320 Thread added: 0x000001785de243f0
Event: 34.577 Thread 0x00000178127f4f20 Thread exited: 0x00000178127f4f20
Event: 34.577 Thread 0x000001781222e9b0 Thread exited: 0x000001781222e9b0
Event: 34.586 Thread 0x000001785de243f0 Thread exited: 0x000001785de243f0
Event: 35.400 Thread 0x00000178121bc360 Thread added: 0x000001785e11f240
Event: 37.337 Thread 0x000001785e11f240 Thread exited: 0x000001785e11f240
Event: 39.283 Thread 0x00000178121bc360 Thread added: 0x000001785e197860
Event: 40.429 Thread 0x000001785e197860 Thread exited: 0x000001785e197860
Event: 40.982 Thread 0x00000178121bc360 Thread added: 0x000001785e197860


Dynamic libraries:
0x00007ff731750000 - 0x00007ff73175e000 	C:\Users\Korisnik\.jdks\ms-17.0.17\bin\java.exe
0x00007ffb23c70000 - 0x00007ffb23e68000 	C:\Windows\SYSTEM32\ntdll.dll
0x00007ffb22100000 - 0x00007ffb221c2000 	C:\Windows\System32\KERNEL32.DLL
0x00007ffb21830000 - 0x00007ffb21b26000 	C:\Windows\System32\KERNELBASE.dll
0x00007ffb214b0000 - 0x00007ffb215b0000 	C:\Windows\System32\ucrtbase.dll
0x00007ffb0fb60000 - 0x00007ffb0fb78000 	C:\Users\Korisnik\.jdks\ms-17.0.17\bin\jli.dll
0x00007ffb21cf0000 - 0x00007ffb21e91000 	C:\Windows\System32\USER32.dll
0x00007ffb215b0000 - 0x00007ffb215d2000 	C:\Windows\System32\win32u.dll
0x00007ffb0fb40000 - 0x00007ffb0fb5e000 	C:\Users\Korisnik\.jdks\ms-17.0.17\bin\VCRUNTIME140.dll
0x00007ffb236b0000 - 0x00007ffb236db000 	C:\Windows\System32\GDI32.dll
0x00007ffaeec20000 - 0x00007ffaeeebb000 	C:\Windows\WinSxS\amd64_microsoft.windows.common-controls_6595b64144ccf1df_6.0.19041.6456_none_60b8a6cb71f64256\COMCTL32.dll
0x00007ffb21390000 - 0x00007ffb214a9000 	C:\Windows\System32\gdi32full.dll
0x00007ffb21630000 - 0x00007ffb216cd000 	C:\Windows\System32\msvcp_win.dll
0x00007ffb22ce0000 - 0x00007ffb22d7e000 	C:\Windows\System32\msvcrt.dll
0x00007ffb23780000 - 0x00007ffb237af000 	C:\Windows\System32\IMM32.DLL
0x00007ffb1de20000 - 0x00007ffb1de2c000 	C:\Users\Korisnik\.jdks\ms-17.0.17\bin\vcruntime140_1.dll
0x00007ffadd970000 - 0x00007ffadd9f9000 	C:\Users\Korisnik\.jdks\ms-17.0.17\bin\msvcp140.dll
0x00007ffab1dd0000 - 0x00007ffab2a4a000 	C:\Users\Korisnik\.jdks\ms-17.0.17\bin\server\jvm.dll
0x00007ffb23b10000 - 0x00007ffb23bc1000 	C:\Windows\System32\ADVAPI32.dll
0x00007ffb236e0000 - 0x00007ffb2377f000 	C:\Windows\System32\sechost.dll
0x00007ffb21f80000 - 0x00007ffb220a0000 	C:\Windows\System32\RPCRT4.dll
0x00007ffb21780000 - 0x00007ffb217a7000 	C:\Windows\System32\bcrypt.dll
0x00007ffb223a0000 - 0x00007ffb2240b000 	C:\Windows\System32\WS2_32.dll
0x00007ffb21160000 - 0x00007ffb211ab000 	C:\Windows\SYSTEM32\POWRPROF.dll
0x00007ffb16380000 - 0x00007ffb163a7000 	C:\Windows\SYSTEM32\WINMM.dll
0x00007ffb16370000 - 0x00007ffb1637a000 	C:\Windows\SYSTEM32\VERSION.dll
0x00007ffb21140000 - 0x00007ffb21152000 	C:\Windows\SYSTEM32\UMPDC.dll
0x00007ffb1fad0000 - 0x00007ffb1fae2000 	C:\Windows\SYSTEM32\kernel.appcore.dll
0x00007ffaf4f90000 - 0x00007ffaf4f9a000 	C:\Users\Korisnik\.jdks\ms-17.0.17\bin\jimage.dll
0x00007ffb1ed70000 - 0x00007ffb1ef71000 	C:\Windows\SYSTEM32\DBGHELP.DLL
0x00007ffaf8480000 - 0x00007ffaf84b4000 	C:\Windows\SYSTEM32\dbgcore.DLL
0x00007ffb21300000 - 0x00007ffb21382000 	C:\Windows\System32\bcryptPrimitives.dll
0x00007ffadea90000 - 0x00007ffadea9f000 	C:\Users\Korisnik\.jdks\ms-17.0.17\bin\instrument.dll
0x00007ffaf4f60000 - 0x00007ffaf4f86000 	C:\Users\Korisnik\.jdks\ms-17.0.17\bin\java.dll
0x00007ffab37b0000 - 0x00007ffab3886000 	C:\Users\Korisnik\.jdks\ms-17.0.17\bin\jsvml.dll
0x00007ffb22f40000 - 0x00007ffb236b0000 	C:\Windows\System32\SHELL32.dll
0x00007ffb1f310000 - 0x00007ffb1fab5000 	C:\Windows\SYSTEM32\windows.storage.dll
0x00007ffb237b0000 - 0x00007ffb23b04000 	C:\Windows\System32\combase.dll
0x00007ffb20b70000 - 0x00007ffb20b9b000 	C:\Windows\SYSTEM32\Wldp.dll
0x00007ffb22e70000 - 0x00007ffb22f3d000 	C:\Windows\System32\OLEAUT32.dll
0x00007ffb222f0000 - 0x00007ffb2239d000 	C:\Windows\System32\SHCORE.dll
0x00007ffb220a0000 - 0x00007ffb220fb000 	C:\Windows\System32\shlwapi.dll
0x00007ffb21230000 - 0x00007ffb21254000 	C:\Windows\SYSTEM32\profapi.dll
0x00007ffadd950000 - 0x00007ffadd968000 	C:\Users\Korisnik\.jdks\ms-17.0.17\bin\zip.dll
0x00007ffade0f0000 - 0x00007ffade10b000 	C:\Users\Korisnik\.jdks\ms-17.0.17\bin\net.dll
0x00007ffb193d0000 - 0x00007ffb194da000 	C:\Windows\SYSTEM32\WINHTTP.dll
0x00007ffb20950000 - 0x00007ffb209ba000 	C:\Windows\system32\mswsock.dll
0x00007ffade0d0000 - 0x00007ffade0e6000 	C:\Users\Korisnik\.jdks\ms-17.0.17\bin\nio.dll
0x00007ffaddf60000 - 0x00007ffaddf69000 	C:\Users\Korisnik\.jdks\ms-17.0.17\bin\extnet.dll
0x00007ffb20690000 - 0x00007ffb2075a000 	C:\Windows\SYSTEM32\DNSAPI.dll
0x00007ffb20650000 - 0x00007ffb2068b000 	C:\Windows\SYSTEM32\IPHLPAPI.DLL
0x00007ffb22e60000 - 0x00007ffb22e68000 	C:\Windows\System32\NSI.dll
0x00007ffb197d0000 - 0x00007ffb197da000 	C:\Windows\System32\rasadhlp.dll
0x00007ffb13f70000 - 0x00007ffb13ff0000 	C:\Windows\System32\fwpuclnt.dll
0x00007ffadde70000 - 0x00007ffadde7a000 	C:\Users\Korisnik\.jdks\ms-17.0.17\bin\management.dll
0x00007ffadd940000 - 0x00007ffadd94c000 	C:\Users\Korisnik\.jdks\ms-17.0.17\bin\management_ext.dll
0x00007ffb22b70000 - 0x00007ffb22b78000 	C:\Windows\System32\PSAPI.DLL
0x00007ffb20bb0000 - 0x00007ffb20bc8000 	C:\Windows\SYSTEM32\CRYPTSP.dll
0x00007ffb20290000 - 0x00007ffb202c8000 	C:\Windows\system32\rsaenh.dll
0x00007ffb211b0000 - 0x00007ffb211de000 	C:\Windows\SYSTEM32\USERENV.dll
0x00007ffb20ae0000 - 0x00007ffb20aec000 	C:\Windows\SYSTEM32\CRYPTBASE.dll
0x00007ffb19100000 - 0x00007ffb19117000 	C:\Windows\SYSTEM32\dhcpcsvc6.DLL
0x00007ffb193b0000 - 0x00007ffb193cd000 	C:\Windows\SYSTEM32\dhcpcsvc.DLL
0x00007ffb010c0000 - 0x00007ffb010d7000 	C:\Windows\system32\napinsp.dll
0x00007ffb01010000 - 0x00007ffb0102b000 	C:\Windows\system32\pnrpnsp.dll
0x00007ffb1ca90000 - 0x00007ffb1caad000 	C:\Windows\system32\wshbth.dll
0x00007ffb1d730000 - 0x00007ffb1d74d000 	C:\Windows\system32\NLAapi.dll
0x00007ffb00fb0000 - 0x00007ffb00fc2000 	C:\Windows\System32\winrnr.dll
0x00007ffb029c0000 - 0x00007ffb02a11000 	C:\Windows\SYSTEM32\pdh.dll
0x00007ffb1b5b0000 - 0x00007ffb1b5bf000 	C:\Windows\System32\perfproc.dll
0x00007ffb135a0000 - 0x00007ffb135af000 	C:\Windows\System32\perfos.dll
0x00007ffade0c0000 - 0x00007ffade0ce000 	C:\Users\Korisnik\.jdks\ms-17.0.17\bin\sunmscapi.dll
0x00007ffb21b30000 - 0x00007ffb21c8d000 	C:\Windows\System32\CRYPT32.dll
0x00007ffb20cc0000 - 0x00007ffb20ce7000 	C:\Windows\SYSTEM32\ncrypt.dll
0x00007ffb20c80000 - 0x00007ffb20cbb000 	C:\Windows\SYSTEM32\NTASN1.dll
0x00007ffaa5d60000 - 0x00007ffaa5d67000 	C:\Windows\system32\wshunix.dll

dbghelp: loaded successfully - version: 4.0.5 - missing functions: none
symbol engine: initialized successfully - sym options: 0x614 - pdb path: .;C:\Users\Korisnik\.jdks\ms-17.0.17\bin;C:\Windows\SYSTEM32;C:\Windows\WinSxS\amd64_microsoft.windows.common-controls_6595b64144ccf1df_6.0.19041.6456_none_60b8a6cb71f64256;C:\Users\Korisnik\.jdks\ms-17.0.17\bin\server

VM Arguments:
jvm_args: -XX:TieredStopAtLevel=1 -Dspring.output.ansi.enabled=always -Dcom.sun.management.jmxremote -Dspring.jmx.enabled=true -Dspring.liveBeansView.mbeanDomain -Dspring.application.admin.enabled=true -Dmanagement.endpoints.jmx.exposure.include=* -javaagent:C:\Users\Korisnik\AppData\Local\Programs\IntelliJ IDEA 2025.3.1\lib\idea_rt.jar=54677 -Dfile.encoding=UTF-8 
java_command: net.javaguides.springboot_jutjubic.SpringbootJutjubicApplication
java_class_path (initial): C:\Users\Korisnik\Desktop\ISA\back\isa-tim25-be\target\classes;C:\Users\Korisnik\.m2\repository\org\springframework\boot\spring-boot-starter\3.5.10-SNAPSHOT\spring-boot-starter-3.5.10-20260122.100249-28.jar;C:\Users\Korisnik\.m2\repository\org\springframework\boot\spring-boot\3.5.10-SNAPSHOT\spring-boot-3.5.10-20260122.100249-28.jar;C:\Users\Korisnik\.m2\repository\org\springframework\boot\spring-boot-autoconfigure\3.5.10-SNAPSHOT\spring-boot-autoconfigure-3.5.10-20260122.100249-28.jar;C:\Users\Korisnik\.m2\repository\org\springframework\boot\spring-boot-starter-logging\3.5.10-SNAPSHOT\spring-boot-starter-logging-3.5.10-20260122.100249-28.jar;C:\Users\Korisnik\.m2\repository\ch\qos\logback\logback-classic\1.5.25\logback-classic-1.5.25.jar;C:\Users\Korisnik\.m2\repository\ch\qos\logback\logback-core\1.5.25\logback-core-1.5.25.jar;C:\Users\Korisnik\.m2\repository\org\apache\logging\log4j\log4j-to-slf4j\2.24.3\log4j-to-slf4j-2.24.3.jar;C:\Users\Korisnik\.m2\repository\org\apache\logging\log4j\log4j-api\2.24.3\log4j-api-2.24.3.jar;C:\Users\Korisnik\.m2\repository\org\slf4j\jul-to-slf4j\2.0.17\jul-to-slf4j-2.0.17.jar;C:\Users\Korisnik\.m2\repository\jakarta\annotation\jakarta.annotation-api\2.1.1\jakarta.annotation-api-2.1.1.jar;C:\Users\Korisnik\.m2\repository\org\springframework\spring-core\6.2.15\spring-core-6.2.15.jar;C:\Users\Korisnik\.m2\repository\org\springframework\spring-jcl\6.2.15\spring-jcl-6.2.15.jar;C:\Users\Korisnik\.m2\repository\org\yaml\snakeyaml\2.4\snakeyaml-2.4.jar;C:\Users\Korisnik\.m2\repository\jakarta\xml\bind\jakarta.xml.bind-api\4.0.4\jakarta.xml.bind-api-4.0.4.jar;C:\Users\Korisnik\.m2\repository\jakarta\activation\jakarta.activation-api\2.1.4\jakarta.activation-api-2.1.4.jar;C:\Users\Korisnik\.m2\repository\net\bytebuddy\byte-buddy\1.17.8\byte-buddy-1.17.8.jar;C:\Users\Korisnik\.m2\repository\org\springframework\boot\spring-boot-starter-security\3.5.10-SNAPSHOT\spring-boot-starter-security-3.5.10-20260122.100249-2
Launcher Type: SUN_STANDARD

[Global flags]
     intx CICompilerCount                          = 4                                         {product} {ergonomic}
     uint ConcGCThreads                            = 3                                         {product} {ergonomic}
     uint G1ConcRefinementThreads                  = 10                                        {product} {ergonomic}
   size_t G1HeapRegionSize                         = 1048576                                   {product} {ergonomic}
    uintx GCDrainStackTargetSize                   = 64                                        {product} {ergonomic}
   size_t InitialHeapSize                          = 98566144                                  {product} {ergonomic}
     bool ManagementServer                         = true                                      {product} {command line}
   size_t MarkStackSize                            = 4194304                                   {product} {ergonomic}
   size_t MaxHeapSize                              = 1574961152                                {product} {ergonomic}
   size_t MaxNewSize                               = 944766976                                 {product} {ergonomic}
   size_t MinHeapDeltaBytes                        = 1048576                                   {product} {ergonomic}
   size_t MinHeapSize                              = 8388608                                   {product} {ergonomic}
    uintx NonProfiledCodeHeapSize                  = 0                                      {pd product} {ergonomic}
     bool ProfileInterpreter                       = false                                  {pd product} {command line}
    uintx ProfiledCodeHeapSize                     = 0                                      {pd product} {ergonomic}
   size_t SoftMaxHeapSize                          = 1574961152                             {manageable} {ergonomic}
     intx TieredStopAtLevel                        = 1                                         {product} {command line}
     bool UseCompressedClassPointers               = true                           {product lp64_product} {ergonomic}
     bool UseCompressedOops                        = true                           {product lp64_product} {ergonomic}
     bool UseG1GC                                  = true                                      {product} {ergonomic}
     bool UseLargePagesIndividualAllocation        = false                                  {pd product} {ergonomic}

Logging:
Log output configuration:
 #0: stdout all=warning uptime,level,tags
 #1: stderr all=off uptime,level,tags

Environment Variables:
PATH=C:\app\Korisnik\product\21c\dbhomeXE\bin;C:\Windows\system32;C:\Windows;C:\Windows\System32\Wbem;C:\Windows\System32\WindowsPowerShell\v1.0\;C:\Windows\System32\OpenSSH\;C:\msys64\mingw64\bin;C:\Program Files\MATLAB\R2023b\bin;C:\Program Files\Git\cmd;C:\Program Files\dotnet\;C:\Program Files\nodejs\;C:\Program Files\Microsoft SQL Server\170\Tools\Binn\;C:\Program Files\Microsoft SQL Server\Client SDK\ODBC\170\Tools\Binn\;C:\Program Files (x86)\Windows Kits\10\Windows Performance Toolkit\;C:\Program Files\Microsoft SQL Server\150\Tools\Binn\;C:\Program Files\Docker\Docker\resources\bin;C:\Users\Korisnik\AppData\Local\Programs\Python\Python312\Scripts\;C:\Users\Korisnik\AppData\Local\Programs\Python\Python312\;C:\Users\Korisnik\AppData\Local\Microsoft\WindowsApps;C:\intelFPGA_lite\18.0\modelsim_ase\win32aloem;C:\Users\Korisnik\AppData\Local\Programs\Microsoft VS Code\bin;C:\Users\Korisnik\.dotnet\tools;C:\Users\Korisnik\AppData\Roaming\npm
USERNAME=Korisnik
OS=Windows_NT
PROCESSOR_IDENTIFIER=AMD64 Family 23 Model 104 Stepping 1, AuthenticAMD
TMP=C:\Users\Korisnik\AppData\Local\Temp
TEMP=C:\Users\Korisnik\AppData\Local\Temp



Periodic native trim disabled


---------------  S Y S T E M  ---------------

OS:
 Windows 10 , 64 bit Build 19041 (10.0.19041.5915)
OS uptime: 0 days 2:00 hours
Hyper-V role detected

CPU: total 12 (initial active 12) (12 cores per cpu, 2 threads per core) family 23 model 104 stepping 1 microcode 0x0, cx8, cmov, fxsr, ht, mmx, 3dnowpref, sse, sse2, sse3, ssse3, sse4a, sse4.1, sse4.2, popcnt, lzcnt, tsc, tscinvbit, avx, avx2, aes, clmul, bmi1, bmi2, adx, sha, fma, vzeroupper, clflush, clflushopt, hv
Processor Information for the first 12 processors :
  Max Mhz: 2100, Current Mhz: 1877, Mhz Limit: 2100

Memory: 4k page, system-wide physical 6005M (198M free)
TotalPageFile size 24437M (AvailPageFile size 3M)
current process WorkingSet (physical memory assigned to process): 352M, peak: 395M
current process commit charge ("private bytes"): 640M, peak: 645M

vm_info: OpenJDK 64-Bit Server VM (17.0.17+10-LTS) for windows-amd64 JRE (17.0.17+10-LTS), built on Oct 13 2025 22:19:56 by "MicrosoftCorporation" with unknown MS VC++:1944

END.
